month,level_1,level_2,level_3,level_4,value
1991-01,M3,M2,M1,Currency In Active Circulation,7064.1
1991-01,M3,M2,M1,Demand Deposits,7569.1
1991-01,M3,M2,Quasi-money,Fixed Deposits,36512.3
1991-01,M3,M2,Quasi-money,S$ Negotiable Certificate Of Deposits,1110.3
1991-01,M3,M2,Quasi-money,Savings & Other Deposits,9502
1991-02,M3,M2,M1,Currency In Active Circulation,6947.5
1991-02,M3,M2,M1,Demand Deposits,7775.6
1991-02,M3,M2,Quasi-money,Fixed Deposits,36395.3
1991-02,M3,M2,Quasi-money,S$ Negotiable Certificate Of Deposits,1085.8
1991-02,M3,M2,Quasi-money,Savings & Other Deposits,9710.5
1991-03,M3,M2,M1,Currency In Active Circulation,7066.3
1991-03,M3,M2,M1,Demand Deposits,7714.8
1991-03,M3,M2,Quasi-money,Fixed Deposits,36748.3
1991-03,M3,M2,Quasi-money,S$ Negotiable Certificate Of Deposits,1117.6
1991-03,M3,M2,Quasi-money,Savings & Other Deposits,9980.3
1991-04,M3,M2,M1,Currency In Active Circulation,7058
1991-04,M3,M2,M1,Demand Deposits,7633
1991-04,M3,M2,Quasi-money,Fixed Deposits,37228.8
1991-04,M3,M2,Quasi-money,S$ Negotiable Certificate Of Deposits,1149.1
1991-04,M3,M2,Quasi-money,Savings & Other Deposits,10084.7
1991-05,M3,M2,M1,Currency In Active Circulation,7157.3
1991-05,M3,M2,M1,Demand Deposits,7629.4
1991-05,M3,M2,Quasi-money,Fixed Deposits,37973.7
1991-05,M3,M2,Quasi-money,S$ Negotiable Certificate Of Deposits,1166.4
1991-05,M3,M2,Quasi-money,Savings & Other Deposits,10194
1991-06,M3,M2,M1,Currency In Active Circulation,7179.5
1991-06,M3,M2,M1,Demand Deposits,7561.9
1991-06,M3,M2,Quasi-money,Fixed Deposits,39061.2
1991-06,M3,M2,Quasi-money,S$ Negotiable Certificate Of Deposits,1159.9
1991-06,M3,M2,Quasi-money,Savings & Other Deposits,10261.8
1991-07,M3,M2,M1,Currency In Active Circulation,7096.4
1991-07,M3,M2,M1,Demand Deposits,9142.9
1991-07,M3,M2,Quasi-money,Fixed Deposits,39899.9
1991-07,M3,M2,Quasi-money,S$ Negotiable Certificate Of Deposits,1175.1
1991-07,M3,M2,Quasi-money,Savings & Other Deposits,10123.1
1991-08,M3,M2,M1,Currency In Active Circulation,7191.8
1991-08,M3,M2,M1,Demand Deposits,7651
1991-08,M3,M2,Quasi-money,Fixed Deposits,40525.5
1991-08,M3,M2,Quasi-money,S$ Negotiable Certificate Of Deposits,1175.1
1991-08,M3,M2,Quasi-money,Savings & Other Deposits,10269.3
1991-09,M3,M2,M1,Currency In Active Circulation,7179.9
1991-09,M3,M2,M1,Demand Deposits,7853.6
1991-09,M3,M2,Quasi-money,Fixed Deposits,41201.3
1991-09,M3,M2,Quasi-money,S$ Negotiable Certificate Of Deposits,1095.8
1991-09,M3,M2,Quasi-money,Savings & Other Deposits,10352.8
1991-10,M3,M2,M1,Currency In Active Circulation,7211
1991-10,M3,M2,M1,Demand Deposits,7802.9
1991-10,M3,M2,Quasi-money,Fixed Deposits,40764.6
1991-10,M3,M2,Quasi-money,S$ Negotiable Certificate Of Deposits,1097.3
1991-10,M3,M2,Quasi-money,Savings & Other Deposits,10476.2
1991-11,M3,M2,M1,Currency In Active Circulation,7322
1991-11,M3,M2,M1,Demand Deposits,7989.2
1991-11,M3,M2,Quasi-money,Fixed Deposits,41339.7
1991-11,M3,M2,Quasi-money,S$ Negotiable Certificate Of Deposits,919.7
1991-11,M3,M2,Quasi-money,Savings & Other Deposits,10870.3
1991-12,M3,M2,M1,Currency In Active Circulation,7370.5
1991-12,M3,M2,M1,Demand Deposits,8621.8
1991-12,M3,M2,Quasi-money,Fixed Deposits,40852
1991-12,M3,M2,Quasi-money,S$ Negotiable Certificate Of Deposits,921.8
1991-12,M3,M2,Quasi-money,Savings & Other Deposits,11187.9
1992-01,M3,M2,M1,Currency In Active Circulation,7613.3
1992-01,M3,M2,M1,Demand Deposits,8525.5
1992-01,M3,M2,Quasi-money,Fixed Deposits,40492
1992-01,M3,M2,Quasi-money,S$ Negotiable Certificate Of Deposits,886.9
1992-01,M3,M2,Quasi-money,Savings & Other Deposits,11377.2
1992-02,M3,M2,M1,Currency In Active Circulation,7635.3
1992-02,M3,M2,M1,Demand Deposits,8361.4
1992-02,M3,M2,Quasi-money,Fixed Deposits,41048.9
1992-02,M3,M2,Quasi-money,S$ Negotiable Certificate Of Deposits,891.4
1992-02,M3,M2,Quasi-money,Savings & Other Deposits,11482.1
1992-03,M3,M2,M1,Currency In Active Circulation,7533.9
1992-03,M3,M2,M1,Demand Deposits,9027.8
1992-03,M3,M2,Quasi-money,Fixed Deposits,42280.9
1992-03,M3,M2,Quasi-money,S$ Negotiable Certificate Of Deposits,950.3
1992-03,M3,M2,Quasi-money,Savings & Other Deposits,11528
1992-04,M3,M2,M1,Currency In Active Circulation,7676.2
1992-04,M3,M2,M1,Demand Deposits,8661.2
1992-04,M3,M2,Quasi-money,Fixed Deposits,42922.8
1992-04,M3,M2,Quasi-money,S$ Negotiable Certificate Of Deposits,956.3
1992-04,M3,M2,Quasi-money,Savings & Other Deposits,11699.2
1992-05,M3,M2,M1,Currency In Active Circulation,7725.9
1992-05,M3,M2,M1,Demand Deposits,9110.5
1992-05,M3,M2,Quasi-money,Fixed Deposits,43321.8
1992-05,M3,M2,Quasi-money,S$ Negotiable Certificate Of Deposits,765.5
1992-05,M3,M2,Quasi-money,Savings & Other Deposits,11764.7
1992-06,M3,M2,M1,Currency In Active Circulation,7755.6
1992-06,M3,M2,M1,Demand Deposits,9400.5
1992-06,M3,M2,Quasi-money,Fixed Deposits,43384.2
1992-06,M3,M2,Quasi-money,S$ Negotiable Certificate Of Deposits,728.2
1992-06,M3,M2,Quasi-money,Savings & Other Deposits,12044.9
1992-07,M3,M2,M1,Currency In Active Circulation,7824
1992-07,M3,M2,M1,Demand Deposits,9693.9
1992-07,M3,M2,Quasi-money,Fixed Deposits,43630.3
1992-07,M3,M2,Quasi-money,S$ Negotiable Certificate Of Deposits,790.4
1992-07,M3,M2,Quasi-money,Savings & Other Deposits,12510.8
1992-08,M3,M2,M1,Currency In Active Circulation,7869.2
1992-08,M3,M2,M1,Demand Deposits,9619.1
1992-08,M3,M2,Quasi-money,Fixed Deposits,44175
1992-08,M3,M2,Quasi-money,S$ Negotiable Certificate Of Deposits,704.4
1992-08,M3,M2,Quasi-money,Savings & Other Deposits,12510.3
1992-09,M3,M2,M1,Currency In Active Circulation,7918.9
1992-09,M3,M2,M1,Demand Deposits,10292.3
1992-09,M3,M2,Quasi-money,Fixed Deposits,43577.9
1992-09,M3,M2,Quasi-money,S$ Negotiable Certificate Of Deposits,704.2
1992-09,M3,M2,Quasi-money,Savings & Other Deposits,12640.8
1992-10,M3,M2,M1,Currency In Active Circulation,8075.3
1992-10,M3,M2,M1,Demand Deposits,9877.7
1992-10,M3,M2,Quasi-money,Fixed Deposits,43819.9
1992-10,M3,M2,Quasi-money,S$ Negotiable Certificate Of Deposits,704.2
1992-10,M3,M2,Quasi-money,Savings & Other Deposits,12842.9
1992-11,M3,M2,M1,Currency In Active Circulation,8095.5
1992-11,M3,M2,M1,Demand Deposits,9844
1992-11,M3,M2,Quasi-money,Fixed Deposits,43604.6
1992-11,M3,M2,Quasi-money,S$ Negotiable Certificate Of Deposits,738.2
1992-11,M3,M2,Quasi-money,Savings & Other Deposits,13024.7
1992-12,M3,M2,M1,Currency In Active Circulation,8157.3
1992-12,M3,M2,M1,Demand Deposits,9905.1
1992-12,M3,M2,Quasi-money,Fixed Deposits,43176.4
1992-12,M3,M2,Quasi-money,S$ Negotiable Certificate Of Deposits,741.1
1992-12,M3,M2,Quasi-money,Savings & Other Deposits,13108.2
1993-01,M3,M2,M1,Currency In Active Circulation,8125.4
1993-01,M3,M2,M1,Demand Deposits,9823.1
1993-01,M3,M2,Quasi-money,Fixed Deposits,41987.9
1993-01,M3,M2,Quasi-money,S$ Negotiable Certificate Of Deposits,753.8
1993-01,M3,M2,Quasi-money,Savings & Other Deposits,13192.7
1993-02,M3,M2,M1,Currency In Active Circulation,8189.5
1993-02,M3,M2,M1,Demand Deposits,10307
1993-02,M3,M2,Quasi-money,Fixed Deposits,41774
1993-02,M3,M2,Quasi-money,S$ Negotiable Certificate Of Deposits,740.3
1993-02,M3,M2,Quasi-money,Savings & Other Deposits,13268.1
1993-03,M3,M2,M1,Currency In Active Circulation,8223
1993-03,M3,M2,M1,Demand Deposits,10380
1993-03,M3,M2,Quasi-money,Fixed Deposits,42543.3
1993-03,M3,M2,Quasi-money,S$ Negotiable Certificate Of Deposits,740.3
1993-03,M3,M2,Quasi-money,Savings & Other Deposits,13545.8
1993-04,M3,M2,M1,Currency In Active Circulation,8332.3
1993-04,M3,M2,M1,Demand Deposits,10908.8
1993-04,M3,M2,Quasi-money,Fixed Deposits,42337.2
1993-04,M3,M2,Quasi-money,S$ Negotiable Certificate Of Deposits,721.8
1993-04,M3,M2,Quasi-money,Savings & Other Deposits,13697.9
1993-05,M3,M2,M1,Currency In Active Circulation,8427
1993-05,M3,M2,M1,Demand Deposits,10919
1993-05,M3,M2,Quasi-money,Fixed Deposits,43007.1
1993-05,M3,M2,Quasi-money,S$ Negotiable Certificate Of Deposits,721.5
1993-05,M3,M2,Quasi-money,Savings & Other Deposits,14085
1993-06,M3,M2,M1,Currency In Active Circulation,8436.1
1993-06,M3,M2,M1,Demand Deposits,10892.1
1993-06,M3,M2,Quasi-money,Fixed Deposits,42365.5
1993-06,M3,M2,Quasi-money,S$ Negotiable Certificate Of Deposits,832.5
1993-06,M3,M2,Quasi-money,Savings & Other Deposits,14206.8
1993-07,M3,M2,M1,Currency In Active Circulation,8552.3
1993-07,M3,M2,M1,Demand Deposits,11053.1
1993-07,M3,M2,Quasi-money,Fixed Deposits,42344.6
1993-07,M3,M2,Quasi-money,S$ Negotiable Certificate Of Deposits,858
1993-07,M3,M2,Quasi-money,Savings & Other Deposits,14270.3
1993-08,M3,M2,M1,Currency In Active Circulation,8573.8
1993-08,M3,M2,M1,Demand Deposits,11412.5
1993-08,M3,M2,Quasi-money,Fixed Deposits,42736.7
1993-08,M3,M2,Quasi-money,S$ Negotiable Certificate Of Deposits,854.4
1993-08,M3,M2,Quasi-money,Savings & Other Deposits,14491.9
1993-09,M3,M2,M1,Currency In Active Circulation,8577.5
1993-09,M3,M2,M1,Demand Deposits,11654.8
1993-09,M3,M2,Quasi-money,Fixed Deposits,42919.5
1993-09,M3,M2,Quasi-money,S$ Negotiable Certificate Of Deposits,836
1993-09,M3,M2,Quasi-money,Savings & Other Deposits,14941.7
1993-10,M3,M2,M1,Currency In Active Circulation,8643.8
1993-10,M3,M2,M1,Demand Deposits,16872.9
1993-10,M3,M2,Quasi-money,Fixed Deposits,39352.9
1993-10,M3,M2,Quasi-money,S$ Negotiable Certificate Of Deposits,822
1993-10,M3,M2,Quasi-money,Savings & Other Deposits,16158.2
1993-11,M3,M2,M1,Currency In Active Circulation,8711.8
1993-11,M3,M2,M1,Demand Deposits,13493.3
1993-11,M3,M2,Quasi-money,Fixed Deposits,41412.3
1993-11,M3,M2,Quasi-money,S$ Negotiable Certificate Of Deposits,834.9
1993-11,M3,M2,Quasi-money,Savings & Other Deposits,16989.8
1993-12,M3,M2,M1,Currency In Active Circulation,8833
1993-12,M3,M2,M1,Demand Deposits,13586.4
1993-12,M3,M2,Quasi-money,Fixed Deposits,40321
1993-12,M3,M2,Quasi-money,S$ Negotiable Certificate Of Deposits,835.4
1993-12,M3,M2,Quasi-money,Savings & Other Deposits,17861.1
1994-01,M3,M2,M1,Currency In Active Circulation,8694.8
1994-01,M3,M2,M1,Demand Deposits,13231.3
1994-01,M3,M2,Quasi-money,Fixed Deposits,40617.7
1994-01,M3,M2,Quasi-money,S$ Negotiable Certificate Of Deposits,837.4
1994-01,M3,M2,Quasi-money,Savings & Other Deposits,16863.2
1994-02,M3,M2,M1,Currency In Active Circulation,8751.6
1994-02,M3,M2,M1,Demand Deposits,13238.3
1994-02,M3,M2,Quasi-money,Fixed Deposits,41442.6
1994-02,M3,M2,Quasi-money,S$ Negotiable Certificate Of Deposits,678.2
1994-02,M3,M2,Quasi-money,Savings & Other Deposits,16572.1
1994-03,M3,M2,M1,Currency In Active Circulation,8901.8
1994-03,M3,M2,M1,Demand Deposits,13366.5
1994-03,M3,M2,Quasi-money,Fixed Deposits,42930.2
1994-03,M3,M2,Quasi-money,S$ Negotiable Certificate Of Deposits,666.7
1994-03,M3,M2,Quasi-money,Savings & Other Deposits,16115.7
1994-04,M3,M2,M1,Currency In Active Circulation,8942
1994-04,M3,M2,M1,Demand Deposits,12547.1
1994-04,M3,M2,Quasi-money,Fixed Deposits,44971
1994-04,M3,M2,Quasi-money,S$ Negotiable Certificate Of Deposits,665.7
1994-04,M3,M2,Quasi-money,Savings & Other Deposits,15977.4
1994-05,M3,M2,M1,Currency In Active Circulation,8966.5
1994-05,M3,M2,M1,Demand Deposits,13170.9
1994-05,M3,M2,Quasi-money,Fixed Deposits,46239.8
1994-05,M3,M2,Quasi-money,S$ Negotiable Certificate Of Deposits,588.2
1994-05,M3,M2,Quasi-money,Savings & Other Deposits,15932.5
1994-06,M3,M2,M1,Currency In Active Circulation,9030.7
1994-06,M3,M2,M1,Demand Deposits,13436.3
1994-06,M3,M2,Quasi-money,Fixed Deposits,46828.5
1994-06,M3,M2,Quasi-money,S$ Negotiable Certificate Of Deposits,588.2
1994-06,M3,M2,Quasi-money,Savings & Other Deposits,16032.9
1994-07,M3,M2,M1,Currency In Active Circulation,9127.4
1994-07,M3,M2,M1,Demand Deposits,13337.1
1994-07,M3,M2,Quasi-money,Fixed Deposits,48700.8
1994-07,M3,M2,Quasi-money,S$ Negotiable Certificate Of Deposits,557.7
1994-07,M3,M2,Quasi-money,Savings & Other Deposits,16026.9
1994-08,M3,M2,M1,Currency In Active Circulation,9122
1994-08,M3,M2,M1,Demand Deposits,13757.6
1994-08,M3,M2,Quasi-money,Fixed Deposits,48915.4
1994-08,M3,M2,Quasi-money,S$ Negotiable Certificate Of Deposits,566.7
1994-08,M3,M2,Quasi-money,Savings & Other Deposits,16404
1994-09,M3,M2,M1,Currency In Active Circulation,9253.4
1994-09,M3,M2,M1,Demand Deposits,14106.3
1994-09,M3,M2,Quasi-money,Fixed Deposits,49811.9
1994-09,M3,M2,Quasi-money,S$ Negotiable Certificate Of Deposits,561.7
1994-09,M3,M2,Quasi-money,Savings & Other Deposits,16599
1994-10,M3,M2,M1,Currency In Active Circulation,9319.1
1994-10,M3,M2,M1,Demand Deposits,14261.6
1994-10,M3,M2,Quasi-money,Fixed Deposits,49671.2
1994-10,M3,M2,Quasi-money,S$ Negotiable Certificate Of Deposits,611.7
1994-10,M3,M2,Quasi-money,Savings & Other Deposits,16785.4
1994-11,M3,M2,M1,Currency In Active Circulation,9253.6
1994-11,M3,M2,M1,Demand Deposits,14103.4
1994-11,M3,M2,Quasi-money,Fixed Deposits,52489.3
1994-11,M3,M2,Quasi-money,S$ Negotiable Certificate Of Deposits,596.2
1994-11,M3,M2,Quasi-money,Savings & Other Deposits,16176
1994-12,M3,M2,M1,Currency In Active Circulation,9330
1994-12,M3,M2,M1,Demand Deposits,13737.7
1994-12,M3,M2,Quasi-money,Fixed Deposits,53622.8
1994-12,M3,M2,Quasi-money,S$ Negotiable Certificate Of Deposits,596.2
1994-12,M3,M2,Quasi-money,Savings & Other Deposits,16168.2
1995-01,M3,M2,M1,Currency In Active Circulation,9603.1
1995-01,M3,M2,M1,Demand Deposits,14279.1
1995-01,M3,M2,Quasi-money,Fixed Deposits,52536.8
1995-01,M3,M2,Quasi-money,S$ Negotiable Certificate Of Deposits,601.2
1995-01,M3,M2,Quasi-money,Savings & Other Deposits,16619.8
1995-02,M3,M2,M1,Currency In Active Circulation,9503.9
1995-02,M3,M2,M1,Demand Deposits,14011.1
1995-02,M3,M2,Quasi-money,Fixed Deposits,53156.3
1995-02,M3,M2,Quasi-money,S$ Negotiable Certificate Of Deposits,607.2
1995-02,M3,M2,Quasi-money,Savings & Other Deposits,17133.9
1995-03,M3,M2,M1,Currency In Active Circulation,9404.7
1995-03,M3,M2,M1,Demand Deposits,14211.3
1995-03,M3,M2,Quasi-money,Fixed Deposits,52465.3
1995-03,M3,M2,Quasi-money,S$ Negotiable Certificate Of Deposits,589.2
1995-03,M3,M2,Quasi-money,Savings & Other Deposits,17701.9
1995-04,M3,M2,M1,Currency In Active Circulation,9508.3
1995-04,M3,M2,M1,Demand Deposits,14795.7
1995-04,M3,M2,Quasi-money,Fixed Deposits,52553.6
1995-04,M3,M2,Quasi-money,S$ Negotiable Certificate Of Deposits,590.2
1995-04,M3,M2,Quasi-money,Savings & Other Deposits,18198.5
1995-05,M3,M2,M1,Currency In Active Circulation,9469.9
1995-05,M3,M2,M1,Demand Deposits,16798.3
1995-05,M3,M2,Quasi-money,Fixed Deposits,51650.9
1995-05,M3,M2,Quasi-money,S$ Negotiable Certificate Of Deposits,590
1995-05,M3,M2,Quasi-money,Savings & Other Deposits,19204.8
1995-06,M3,M2,M1,Currency In Active Circulation,9603.7
1995-06,M3,M2,M1,Demand Deposits,15105.4
1995-06,M3,M2,Quasi-money,Fixed Deposits,53558.7
1995-06,M3,M2,Quasi-money,S$ Negotiable Certificate Of Deposits,767.5
1995-06,M3,M2,Quasi-money,Savings & Other Deposits,19124.3
1995-07,M3,M2,M1,Currency In Active Circulation,9626.7
1995-07,M3,M2,M1,Demand Deposits,15006
1995-07,M3,M2,Quasi-money,Fixed Deposits,52350.8
1995-07,M3,M2,Quasi-money,S$ Negotiable Certificate Of Deposits,853
1995-07,M3,M2,Quasi-money,Savings & Other Deposits,19597.9
1995-08,M3,M2,M1,Currency In Active Circulation,9665.9
1995-08,M3,M2,M1,Demand Deposits,15258.4
1995-08,M3,M2,Quasi-money,Fixed Deposits,52665.2
1995-08,M3,M2,Quasi-money,S$ Negotiable Certificate Of Deposits,851
1995-08,M3,M2,Quasi-money,Savings & Other Deposits,20017
1995-09,M3,M2,M1,Currency In Active Circulation,9775.2
1995-09,M3,M2,M1,Demand Deposits,15097.1
1995-09,M3,M2,Quasi-money,Fixed Deposits,52858.6
1995-09,M3,M2,Quasi-money,S$ Negotiable Certificate Of Deposits,851
1995-09,M3,M2,Quasi-money,Savings & Other Deposits,20249.9
1995-10,M3,M2,M1,Currency In Active Circulation,9695.6
1995-10,M3,M2,M1,Demand Deposits,15030.3
1995-10,M3,M2,Quasi-money,Fixed Deposits,52878.5
1995-10,M3,M2,Quasi-money,S$ Negotiable Certificate Of Deposits,842.5
1995-10,M3,M2,Quasi-money,Savings & Other Deposits,20507.7
1995-11,M3,M2,M1,Currency In Active Circulation,9771.7
1995-11,M3,M2,M1,Demand Deposits,15032.3
1995-11,M3,M2,Quasi-money,Fixed Deposits,54558.6
1995-11,M3,M2,Quasi-money,S$ Negotiable Certificate Of Deposits,815.1
1995-11,M3,M2,Quasi-money,Savings & Other Deposits,20733.9
1995-12,M3,M2,M1,Currency In Active Circulation,9839.2
1995-12,M3,M2,M1,Demand Deposits,15265.3
1995-12,M3,M2,Quasi-money,Fixed Deposits,54908.2
1995-12,M3,M2,Quasi-money,S$ Negotiable Certificate Of Deposits,815.1
1995-12,M3,M2,Quasi-money,Savings & Other Deposits,20703.7
1996-01,M3,M2,M1,Currency In Active Circulation,9571.4
1996-01,M3,M2,M1,Demand Deposits,15842.6
1996-01,M3,M2,Quasi-money,Fixed Deposits,52979.9
1996-01,M3,M2,Quasi-money,S$ Negotiable Certificate Of Deposits,804.1
1996-01,M3,M2,Quasi-money,Savings & Other Deposits,21446.5
1996-02,M3,M2,M1,Currency In Active Circulation,9751.6
1996-02,M3,M2,M1,Demand Deposits,16108.9
1996-02,M3,M2,Quasi-money,Fixed Deposits,53471.5
1996-02,M3,M2,Quasi-money,S$ Negotiable Certificate Of Deposits,811.1
1996-02,M3,M2,Quasi-money,Savings & Other Deposits,21897.2
1996-03,M3,M2,M1,Currency In Active Circulation,9835.9
1996-03,M3,M2,M1,Demand Deposits,15655.6
1996-03,M3,M2,Quasi-money,Fixed Deposits,55876.5
1996-03,M3,M2,Quasi-money,S$ Negotiable Certificate Of Deposits,798.1
1996-03,M3,M2,Quasi-money,Savings & Other Deposits,22027.8
1996-04,M3,M2,M1,Currency In Active Circulation,9977.1
1996-04,M3,M2,M1,Demand Deposits,16432.6
1996-04,M3,M2,Quasi-money,Fixed Deposits,55775
1996-04,M3,M2,Quasi-money,S$ Negotiable Certificate Of Deposits,798.1
1996-04,M3,M2,Quasi-money,Savings & Other Deposits,22650.6
1996-05,M3,M2,M1,Currency In Active Circulation,10006.5
1996-05,M3,M2,M1,Demand Deposits,16323.7
1996-05,M3,M2,Quasi-money,Fixed Deposits,57026.8
1996-05,M3,M2,Quasi-money,S$ Negotiable Certificate Of Deposits,789.1
1996-05,M3,M2,Quasi-money,Savings & Other Deposits,22901.3
1996-06,M3,M2,M1,Currency In Active Circulation,10051.2
1996-06,M3,M2,M1,Demand Deposits,16335.9
1996-06,M3,M2,Quasi-money,Fixed Deposits,57568.3
1996-06,M3,M2,Quasi-money,S$ Negotiable Certificate Of Deposits,787.1
1996-06,M3,M2,Quasi-money,Savings & Other Deposits,23051.5
1996-07,M3,M2,M1,Currency In Active Circulation,10017.1
1996-07,M3,M2,M1,Demand Deposits,16547.7
1996-07,M3,M2,Quasi-money,Fixed Deposits,58843.1
1996-07,M3,M2,Quasi-money,S$ Negotiable Certificate Of Deposits,782
1996-07,M3,M2,Quasi-money,Savings & Other Deposits,23176.5
1996-08,M3,M2,M1,Currency In Active Circulation,10094.5
1996-08,M3,M2,M1,Demand Deposits,16403.4
1996-08,M3,M2,Quasi-money,Fixed Deposits,59004.6
1996-08,M3,M2,Quasi-money,S$ Negotiable Certificate Of Deposits,780
1996-08,M3,M2,Quasi-money,Savings & Other Deposits,23369
1996-09,M3,M2,M1,Currency In Active Circulation,10072.4
1996-09,M3,M2,M1,Demand Deposits,16744.7
1996-09,M3,M2,Quasi-money,Fixed Deposits,58729.5
1996-09,M3,M2,Quasi-money,S$ Negotiable Certificate Of Deposits,788
1996-09,M3,M2,Quasi-money,Savings & Other Deposits,23514.6
1996-10,M3,M2,M1,Currency In Active Circulation,10092.8
1996-10,M3,M2,M1,Demand Deposits,16347.1
1996-10,M3,M2,Quasi-money,Fixed Deposits,58490.4
1996-10,M3,M2,Quasi-money,S$ Negotiable Certificate Of Deposits,821
1996-10,M3,M2,Quasi-money,Savings & Other Deposits,23636
1996-11,M3,M2,M1,Currency In Active Circulation,10199.6
1996-11,M3,M2,M1,Demand Deposits,16692.8
1996-11,M3,M2,Quasi-money,Fixed Deposits,59960.4
1996-11,M3,M2,Quasi-money,S$ Negotiable Certificate Of Deposits,844.5
1996-11,M3,M2,Quasi-money,Savings & Other Deposits,23964.9
1996-12,M3,M2,M1,Currency In Active Circulation,10240.5
1996-12,M3,M2,M1,Demand Deposits,16581.3
1996-12,M3,M2,Quasi-money,Fixed Deposits,59987
1996-12,M3,M2,Quasi-money,S$ Negotiable Certificate Of Deposits,844.5
1996-12,M3,M2,Quasi-money,Savings & Other Deposits,23877.8
1997-01,M3,M2,M1,Currency In Active Circulation,10443.8
1997-01,M3,M2,M1,Demand Deposits,17142.1
1997-01,M3,M2,Quasi-money,Fixed Deposits,58564.7
1997-01,M3,M2,Quasi-money,S$ Negotiable Certificate Of Deposits,843.5
1997-01,M3,M2,Quasi-money,Savings & Other Deposits,24472.6
1997-02,M3,M2,M1,Currency In Active Circulation,10515.9
1997-02,M3,M2,M1,Demand Deposits,17318.2
1997-02,M3,M2,Quasi-money,Fixed Deposits,59211.5
1997-02,M3,M2,Quasi-money,S$ Negotiable Certificate Of Deposits,843.5
1997-02,M3,M2,Quasi-money,Savings & Other Deposits,25246.3
1997-03,M3,M2,M1,Currency In Active Circulation,10675.4
1997-03,M3,M2,M1,Demand Deposits,17315
1997-03,M3,M2,Quasi-money,Fixed Deposits,62581.6
1997-03,M3,M2,Quasi-money,S$ Negotiable Certificate Of Deposits,812.5
1997-03,M3,M2,Quasi-money,Savings & Other Deposits,25065.4
1997-04,M3,M2,M1,Currency In Active Circulation,10540.5
1997-04,M3,M2,M1,Demand Deposits,17074.9
1997-04,M3,M2,Quasi-money,Fixed Deposits,64552.5
1997-04,M3,M2,Quasi-money,S$ Negotiable Certificate Of Deposits,812.5
1997-04,M3,M2,Quasi-money,Savings & Other Deposits,25003.3
1997-05,M3,M2,M1,Currency In Active Circulation,10624.7
1997-05,M3,M2,M1,Demand Deposits,17209.9
1997-05,M3,M2,Quasi-money,Fixed Deposits,65308.3
1997-05,M3,M2,Quasi-money,S$ Negotiable Certificate Of Deposits,813.5
1997-05,M3,M2,Quasi-money,Savings & Other Deposits,25111
1997-06,M3,M2,M1,Currency In Active Circulation,10613.3
1997-06,M3,M2,M1,Demand Deposits,17567.7
1997-06,M3,M2,Quasi-money,Fixed Deposits,65059
1997-06,M3,M2,Quasi-money,S$ Negotiable Certificate Of Deposits,788.5
1997-06,M3,M2,Quasi-money,Savings & Other Deposits,25100.2
1997-07,M3,M2,M1,Currency In Active Circulation,10565.6
1997-07,M3,M2,M1,Demand Deposits,17707.6
1997-07,M3,M2,Quasi-money,Fixed Deposits,66229.8
1997-07,M3,M2,Quasi-money,S$ Negotiable Certificate Of Deposits,688
1997-07,M3,M2,Quasi-money,Savings & Other Deposits,25135.8
1997-08,M3,M2,M1,Currency In Active Circulation,10664.8
1997-08,M3,M2,M1,Demand Deposits,17769.6
1997-08,M3,M2,Quasi-money,Fixed Deposits,67060.2
1997-08,M3,M2,Quasi-money,S$ Negotiable Certificate Of Deposits,688
1997-08,M3,M2,Quasi-money,Savings & Other Deposits,24814.2
1997-09,M3,M2,M1,Currency In Active Circulation,10512.4
1997-09,M3,M2,M1,Demand Deposits,17885.3
1997-09,M3,M2,Quasi-money,Fixed Deposits,67586
1997-09,M3,M2,Quasi-money,S$ Negotiable Certificate Of Deposits,688
1997-09,M3,M2,Quasi-money,Savings & Other Deposits,24532.4
1997-10,M3,M2,M1,Currency In Active Circulation,10683.5
1997-10,M3,M2,M1,Demand Deposits,17501.5
1997-10,M3,M2,Quasi-money,Fixed Deposits,68806.6
1997-10,M3,M2,Quasi-money,S$ Negotiable Certificate Of Deposits,638.5
1997-10,M3,M2,Quasi-money,Savings & Other Deposits,24083.7
1997-11,M3,M2,M1,Currency In Active Circulation,10664.1
1997-11,M3,M2,M1,Demand Deposits,16963.3
1997-11,M3,M2,Quasi-money,Fixed Deposits,70270.7
1997-11,M3,M2,Quasi-money,S$ Negotiable Certificate Of Deposits,612.5
1997-11,M3,M2,Quasi-money,Savings & Other Deposits,23837.4
1997-12,M3,M2,M1,Currency In Active Circulation,10659.4
1997-12,M3,M2,M1,Demand Deposits,16641.7
1997-12,M3,M2,Quasi-money,Fixed Deposits,72704.6
1997-12,M3,M2,Quasi-money,S$ Negotiable Certificate Of Deposits,633.5
1997-12,M3,M2,Quasi-money,Savings & Other Deposits,22406.4
1998-01,M3,M2,M1,Currency In Active Circulation,10928.7
1998-01,M3,M2,M1,Demand Deposits,15448.3
1998-01,M3,M2,Quasi-money,Fixed Deposits,74587.1
1998-01,M3,M2,Quasi-money,S$ Negotiable Certificate Of Deposits,618.5
1998-01,M3,M2,Quasi-money,Savings & Other Deposits,21155.1
1998-02,M3,M2,M1,Currency In Active Circulation,10619.8
1998-02,M3,M2,M1,Demand Deposits,15716.8
1998-02,M3,M2,Quasi-money,Fixed Deposits,77630.8
1998-02,M3,M2,Quasi-money,S$ Negotiable Certificate Of Deposits,613.5
1998-02,M3,M2,Quasi-money,Savings & Other Deposits,21380.2
1998-03,M3,M2,M1,Currency In Active Circulation,10414.1
1998-03,M3,M2,M1,Demand Deposits,15653.7
1998-03,M3,M2,Quasi-money,Fixed Deposits,79555.2
1998-03,M3,M2,Quasi-money,S$ Negotiable Certificate Of Deposits,592.5
1998-03,M3,M2,Quasi-money,Savings & Other Deposits,21143.1
1998-04,M3,M2,M1,Currency In Active Circulation,10381
1998-04,M3,M2,M1,Demand Deposits,16014.5
1998-04,M3,M2,Quasi-money,Fixed Deposits,79223.2
1998-04,M3,M2,Quasi-money,S$ Negotiable Certificate Of Deposits,578.5
1998-04,M3,M2,Quasi-money,Savings & Other Deposits,20756.2
1998-05,M3,M2,M1,Currency In Active Circulation,10341.5
1998-05,M3,M2,M1,Demand Deposits,15144.8
1998-05,M3,M2,Quasi-money,Fixed Deposits,82097.1
1998-05,M3,M2,Quasi-money,S$ Negotiable Certificate Of Deposits,608.5
1998-05,M3,M2,Quasi-money,Savings & Other Deposits,20536.7
1998-06,M3,M2,M1,Currency In Active Circulation,10217.1
1998-06,M3,M2,M1,Demand Deposits,14648.6
1998-06,M3,M2,Quasi-money,Fixed Deposits,83116.7
1998-06,M3,M2,Quasi-money,S$ Negotiable Certificate Of Deposits,560.5
1998-06,M3,M2,Quasi-money,Savings & Other Deposits,20211.9
1998-07,M3,M2,M1,Currency In Active Circulation,10264.8
1998-07,M3,M2,M1,Demand Deposits,15041.2
1998-07,M3,M2,Quasi-money,Fixed Deposits,85043.6
1998-07,M3,M2,Quasi-money,S$ Negotiable Certificate Of Deposits,520.5
1998-07,M3,M2,Quasi-money,Savings & Other Deposits,20721.8
1998-08,M3,M2,M1,Currency In Active Circulation,10297.9
1998-08,M3,M2,M1,Demand Deposits,15427.5
1998-08,M3,M2,Quasi-money,Fixed Deposits,84889
1998-08,M3,M2,Quasi-money,S$ Negotiable Certificate Of Deposits,520.5
1998-08,M3,M2,Quasi-money,Savings & Other Deposits,20954.8
1998-09,M3,M2,M1,Currency In Active Circulation,10254.5
1998-09,M3,M2,M1,Demand Deposits,15121
1998-09,M3,M2,Quasi-money,Fixed Deposits,86223.1
1998-09,M3,M2,Quasi-money,S$ Negotiable Certificate Of Deposits,520.5
1998-09,M3,M2,Quasi-money,Savings & Other Deposits,21191.9
1998-10,M3,M2,M1,Currency In Active Circulation,10379.3
1998-10,M3,M2,M1,Demand Deposits,15645
1998-10,M3,M2,Quasi-money,Fixed Deposits,84283.7
1998-10,M3,M2,Quasi-money,S$ Negotiable Certificate Of Deposits,520.5
1998-10,M3,M2,Quasi-money,Savings & Other Deposits,22339.8
1998-11,M3,M2,M1,Currency In Active Circulation,10187
1998-11,M3,M2,M1,Demand Deposits,16053.5
1998-11,M3,M2,Quasi-money,Fixed Deposits,81488
1998-11,M3,M2,Quasi-money,S$ Negotiable Certificate Of Deposits,517.5
1998-11,M3,M2,Quasi-money,Savings & Other Deposits,49992.2
1998-12,M3,M2,M1,Currency In Active Circulation,10100
1998-12,M3,M2,M1,Demand Deposits,16869.7
1998-12,M3,M2,Quasi-money,Fixed Deposits,81294.6
1998-12,M3,M2,Quasi-money,S$ Negotiable Certificate Of Deposits,576.5
1998-12,M3,M2,Quasi-money,Savings & Other Deposits,51211.8
1999-01,M3,M2,M1,Currency In Active Circulation,10136.8
1999-01,M3,M2,M1,Demand Deposits,17183.9
1999-01,M3,M2,Quasi-money,Fixed Deposits,79299.5
1999-01,M3,M2,Quasi-money,S$ Negotiable Certificate Of Deposits,576.5
1999-01,M3,M2,Quasi-money,Savings & Other Deposits,52605.7
1999-02,M3,M2,M1,Currency In Active Circulation,10215.5
1999-02,M3,M2,M1,Demand Deposits,17682.3
1999-02,M3,M2,Quasi-money,Fixed Deposits,79246.8
1999-02,M3,M2,Quasi-money,S$ Negotiable Certificate Of Deposits,571.5
1999-02,M3,M2,Quasi-money,Savings & Other Deposits,53250.3
1999-03,M3,M2,M1,Currency In Active Circulation,10320.4
1999-03,M3,M2,M1,Demand Deposits,17828.4
1999-03,M3,M2,Quasi-money,Fixed Deposits,79318.9
1999-03,M3,M2,Quasi-money,S$ Negotiable Certificate Of Deposits,571.5
1999-03,M3,M2,Quasi-money,Savings & Other Deposits,54285.9
1999-04,M3,M2,M1,Currency In Active Circulation,10435.1
1999-04,M3,M2,M1,Demand Deposits,18328.1
1999-04,M3,M2,Quasi-money,Fixed Deposits,78356.6
1999-04,M3,M2,Quasi-money,S$ Negotiable Certificate Of Deposits,571.5
1999-04,M3,M2,Quasi-money,Savings & Other Deposits,56261.1
1999-05,M3,M2,M1,Currency In Active Circulation,10565.1
1999-05,M3,M2,M1,Demand Deposits,18676.5
1999-05,M3,M2,Quasi-money,Fixed Deposits,79290.5
1999-05,M3,M2,Quasi-money,S$ Negotiable Certificate Of Deposits,551.5
1999-05,M3,M2,Quasi-money,Savings & Other Deposits,57726.8
1999-06,M3,M2,M1,Currency In Active Circulation,10560.7
1999-06,M3,M2,M1,Demand Deposits,18985.6
1999-06,M3,M2,Quasi-money,Fixed Deposits,78962.3
1999-06,M3,M2,Quasi-money,S$ Negotiable Certificate Of Deposits,551.5
1999-06,M3,M2,Quasi-money,Savings & Other Deposits,58867.9
1999-07,M3,M2,M1,Currency In Active Circulation,10629.2
1999-07,M3,M2,M1,Demand Deposits,19529.5
1999-07,M3,M2,Quasi-money,Fixed Deposits,80411.3
1999-07,M3,M2,Quasi-money,S$ Negotiable Certificate Of Deposits,604
1999-07,M3,M2,Quasi-money,Savings & Other Deposits,57979.2
1999-08,M3,M2,M1,Currency In Active Circulation,10621.8
1999-08,M3,M2,M1,Demand Deposits,18488.8
1999-08,M3,M2,Quasi-money,Fixed Deposits,83121.6
1999-08,M3,M2,Quasi-money,S$ Negotiable Certificate Of Deposits,579
1999-08,M3,M2,Quasi-money,Savings & Other Deposits,58098.9
1999-09,M3,M2,M1,Currency In Active Circulation,10702.7
1999-09,M3,M2,M1,Demand Deposits,18685.7
1999-09,M3,M2,Quasi-money,Fixed Deposits,84335.1
1999-09,M3,M2,Quasi-money,S$ Negotiable Certificate Of Deposits,579
1999-09,M3,M2,Quasi-money,Savings & Other Deposits,57472.7
1999-10,M3,M2,M1,Currency In Active Circulation,10764
1999-10,M3,M2,M1,Demand Deposits,18324.5
1999-10,M3,M2,Quasi-money,Fixed Deposits,84086.4
1999-10,M3,M2,Quasi-money,S$ Negotiable Certificate Of Deposits,544
1999-10,M3,M2,Quasi-money,Savings & Other Deposits,57288.9
1999-11,M3,M2,M1,Currency In Active Circulation,10832.8
1999-11,M3,M2,M1,Demand Deposits,19205.4
1999-11,M3,M2,Quasi-money,Fixed Deposits,83604.8
1999-11,M3,M2,Quasi-money,S$ Negotiable Certificate Of Deposits,549
1999-11,M3,M2,Quasi-money,Savings & Other Deposits,56781.1
1999-12,M3,M2,M1,Currency In Active Circulation,11235.5
1999-12,M3,M2,M1,Demand Deposits,19491
1999-12,M3,M2,Quasi-money,Fixed Deposits,85988.3
1999-12,M3,M2,Quasi-money,S$ Negotiable Certificate Of Deposits,549
1999-12,M3,M2,Quasi-money,Savings & Other Deposits,56323.3
2000-01,M3,M2,M1,Currency In Active Circulation,10967.2
2000-01,M3,M2,M1,Demand Deposits,19186.9
2000-01,M3,M2,Quasi-money,Fixed Deposits,85488.5
2000-01,M3,M2,Quasi-money,S$ Negotiable Certificate Of Deposits,544
2000-01,M3,M2,Quasi-money,Savings & Other Deposits,56286.3
2000-02,M3,M2,M1,Currency In Active Circulation,10930.9
2000-02,M3,M2,M1,Demand Deposits,19291.5
2000-02,M3,M2,Quasi-money,Fixed Deposits,85279.7
2000-02,M3,M2,Quasi-money,S$ Negotiable Certificate Of Deposits,544
2000-02,M3,M2,Quasi-money,Savings & Other Deposits,56003.1
2000-03,M3,M2,M1,Currency In Active Circulation,10909.5
2000-03,M3,M2,M1,Demand Deposits,20310.1
2000-03,M3,M2,Quasi-money,Fixed Deposits,84160
2000-03,M3,M2,Quasi-money,S$ Negotiable Certificate Of Deposits,544
2000-03,M3,M2,Quasi-money,Savings & Other Deposits,55374.5
2000-04,M3,M2,M1,Currency In Active Circulation,10899.7
2000-04,M3,M2,M1,Demand Deposits,19881.1
2000-04,M3,M2,Quasi-money,Fixed Deposits,82725
2000-04,M3,M2,Quasi-money,S$ Negotiable Certificate Of Deposits,592
2000-04,M3,M2,Quasi-money,Savings & Other Deposits,54948.8
2000-05,M3,M2,M1,Currency In Active Circulation,10889.8
2000-05,M3,M2,M1,Demand Deposits,20052.3
2000-05,M3,M2,Quasi-money,Fixed Deposits,84010.7
2000-05,M3,M2,Quasi-money,S$ Negotiable Certificate Of Deposits,592
2000-05,M3,M2,Quasi-money,Savings & Other Deposits,54116.2
2000-06,M3,M2,M1,Currency In Active Circulation,10982.2
2000-06,M3,M2,M1,Demand Deposits,22013.9
2000-06,M3,M2,Quasi-money,Fixed Deposits,84336.8
2000-06,M3,M2,Quasi-money,S$ Negotiable Certificate Of Deposits,429
2000-06,M3,M2,Quasi-money,Savings & Other Deposits,53979.1
2000-07,M3,M2,M1,Currency In Active Circulation,11084
2000-07,M3,M2,M1,Demand Deposits,21531
2000-07,M3,M2,Quasi-money,Fixed Deposits,83206.5
2000-07,M3,M2,Quasi-money,S$ Negotiable Certificate Of Deposits,357.5
2000-07,M3,M2,Quasi-money,Savings & Other Deposits,54203.6
2000-08,M3,M2,M1,Currency In Active Circulation,11049.3
2000-08,M3,M2,M1,Demand Deposits,21381.7
2000-08,M3,M2,Quasi-money,Fixed Deposits,82789.7
2000-08,M3,M2,Quasi-money,S$ Negotiable Certificate Of Deposits,357
2000-08,M3,M2,Quasi-money,Savings & Other Deposits,54161.5
2000-09,M3,M2,M1,Currency In Active Circulation,11126.8
2000-09,M3,M2,M1,Demand Deposits,21309.7
2000-09,M3,M2,Quasi-money,Fixed Deposits,81284.8
2000-09,M3,M2,Quasi-money,S$ Negotiable Certificate Of Deposits,346.7
2000-09,M3,M2,Quasi-money,Savings & Other Deposits,54096.8
2000-10,M3,M2,M1,Currency In Active Circulation,11126.7
2000-10,M3,M2,M1,Demand Deposits,21649.1
2000-10,M3,M2,Quasi-money,Fixed Deposits,80613.6
2000-10,M3,M2,Quasi-money,S$ Negotiable Certificate Of Deposits,346.7
2000-10,M3,M2,Quasi-money,Savings & Other Deposits,53606.2
2000-11,M3,M2,M1,Currency In Active Circulation,11083.9
2000-11,M3,M2,M1,Demand Deposits,21938.7
2000-11,M3,M2,Quasi-money,Fixed Deposits,82688.7
2000-11,M3,M2,Quasi-money,S$ Negotiable Certificate Of Deposits,321.8
2000-11,M3,M2,Quasi-money,Savings & Other Deposits,53416.2
2000-12,M3,M2,M1,Currency In Active Circulation,11178.6
2000-12,M3,M2,M1,Demand Deposits,21627.1
2000-12,M3,M2,Quasi-money,Fixed Deposits,83043.8
2000-12,M3,M2,Quasi-money,S$ Negotiable Certificate Of Deposits,315.3
2000-12,M3,M2,Quasi-money,Savings & Other Deposits,53844.4
2001-01,M3,M2,M1,Currency In Active Circulation,11198.2
2001-01,M3,M2,M1,Demand Deposits,22608.2
2001-01,M3,M2,Quasi-money,Fixed Deposits,84742.2
2001-01,M3,M2,Quasi-money,S$ Negotiable Certificate Of Deposits,347.4
2001-01,M3,M2,Quasi-money,Savings & Other Deposits,53806.1
2001-02,M3,M2,M1,Currency In Active Circulation,11111
2001-02,M3,M2,M1,Demand Deposits,22507.4
2001-02,M3,M2,Quasi-money,Fixed Deposits,85022.1
2001-02,M3,M2,Quasi-money,S$ Negotiable Certificate Of Deposits,347.4
2001-02,M3,M2,Quasi-money,Savings & Other Deposits,54836.6
2001-03,M3,M2,M1,Currency In Active Circulation,11302.9
2001-03,M3,M2,M1,Demand Deposits,22413
2001-03,M3,M2,Quasi-money,Fixed Deposits,86123.1
2001-03,M3,M2,Quasi-money,S$ Negotiable Certificate Of Deposits,345.7
2001-03,M3,M2,Quasi-money,Savings & Other Deposits,54740.6
2001-04,M3,M2,M1,Currency In Active Circulation,11336
2001-04,M3,M2,M1,Demand Deposits,22986.2
2001-04,M3,M2,Quasi-money,Fixed Deposits,87541.7
2001-04,M3,M2,Quasi-money,S$ Negotiable Certificate Of Deposits,347.1
2001-04,M3,M2,Quasi-money,Savings & Other Deposits,54751
2001-05,M3,M2,M1,Currency In Active Circulation,11314.8
2001-05,M3,M2,M1,Demand Deposits,23008.3
2001-05,M3,M2,Quasi-money,Fixed Deposits,86745.3
2001-05,M3,M2,Quasi-money,S$ Negotiable Certificate Of Deposits,318.2
2001-05,M3,M2,Quasi-money,Savings & Other Deposits,55312.6
2001-06,M3,M2,M1,Currency In Active Circulation,11410.2
2001-06,M3,M2,M1,Demand Deposits,22790.4
2001-06,M3,M2,Quasi-money,Fixed Deposits,84493.4
2001-06,M3,M2,Quasi-money,S$ Negotiable Certificate Of Deposits,259.1
2001-06,M3,M2,Quasi-money,Savings & Other Deposits,56207
2001-07,M3,M2,M1,Currency In Active Circulation,11397.4
2001-07,M3,M2,M1,Demand Deposits,22343.8
2001-07,M3,M2,Quasi-money,Fixed Deposits,81502.3
2001-07,M3,M2,Quasi-money,S$ Negotiable Certificate Of Deposits,282.3
2001-07,M3,M2,Quasi-money,Savings & Other Deposits,56208.6
2001-08,M3,M2,M1,Currency In Active Circulation,11367.6
2001-08,M3,M2,M1,Demand Deposits,22790.9
2001-08,M3,M2,Quasi-money,Fixed Deposits,81970.9
2001-08,M3,M2,Quasi-money,S$ Negotiable Certificate Of Deposits,280
2001-08,M3,M2,Quasi-money,Savings & Other Deposits,56742.8
2001-09,M3,M2,M1,Currency In Active Circulation,11450.2
2001-09,M3,M2,M1,Demand Deposits,23560.5
2001-09,M3,M2,Quasi-money,Fixed Deposits,83562
2001-09,M3,M2,Quasi-money,S$ Negotiable Certificate Of Deposits,300.1
2001-09,M3,M2,Quasi-money,Savings & Other Deposits,57694.6
2001-10,M3,M2,M1,Currency In Active Circulation,11525.9
2001-10,M3,M2,M1,Demand Deposits,24123.7
2001-10,M3,M2,Quasi-money,Fixed Deposits,82085.9
2001-10,M3,M2,Quasi-money,S$ Negotiable Certificate Of Deposits,300.6
2001-10,M3,M2,Quasi-money,Savings & Other Deposits,58954.6
2001-11,M3,M2,M1,Currency In Active Circulation,11651
2001-11,M3,M2,M1,Demand Deposits,23772.4
2001-11,M3,M2,Quasi-money,Fixed Deposits,86364
2001-11,M3,M2,Quasi-money,S$ Negotiable Certificate Of Deposits,203.4
2001-11,M3,M2,Quasi-money,Savings & Other Deposits,60131.9
2001-12,M3,M2,M1,Currency In Active Circulation,11759.3
2001-12,M3,M2,M1,Demand Deposits,23903.4
2001-12,M3,M2,Quasi-money,Fixed Deposits,83308.2
2001-12,M3,M2,Quasi-money,S$ Negotiable Certificate Of Deposits,203.9
2001-12,M3,M2,Quasi-money,Savings & Other Deposits,60892.7
2002-01,M3,M2,M1,Currency In Active Circulation,11653.6
2002-01,M3,M2,M1,Demand Deposits,23542.6
2002-01,M3,M2,Quasi-money,Fixed Deposits,81622.3
2002-01,M3,M2,Quasi-money,S$ Negotiable Certificate Of Deposits,238.4
2002-01,M3,M2,Quasi-money,Savings & Other Deposits,61212.8
2002-02,M3,M2,M1,Currency In Active Circulation,11616.1
2002-02,M3,M2,M1,Demand Deposits,24305.3
2002-02,M3,M2,Quasi-money,Fixed Deposits,81100.3
2002-02,M3,M2,Quasi-money,S$ Negotiable Certificate Of Deposits,247.9
2002-02,M3,M2,Quasi-money,Savings & Other Deposits,60957.5
2002-03,M3,M2,M1,Currency In Active Circulation,11901.2
2002-03,M3,M2,M1,Demand Deposits,23413.9
2002-03,M3,M2,Quasi-money,Fixed Deposits,82161.8
2002-03,M3,M2,Quasi-money,S$ Negotiable Certificate Of Deposits,261
2002-03,M3,M2,Quasi-money,Savings & Other Deposits,63227.3
2002-04,M3,M2,M1,Currency In Active Circulation,11915.1
2002-04,M3,M2,M1,Demand Deposits,22910.8
2002-04,M3,M2,Quasi-money,Fixed Deposits,82074.5
2002-04,M3,M2,Quasi-money,S$ Negotiable Certificate Of Deposits,256.1
2002-04,M3,M2,Quasi-money,Savings & Other Deposits,62996.6
2002-05,M3,M2,M1,Currency In Active Circulation,11967.6
2002-05,M3,M2,M1,Demand Deposits,22603.8
2002-05,M3,M2,Quasi-money,Fixed Deposits,82192.1
2002-05,M3,M2,Quasi-money,S$ Negotiable Certificate Of Deposits,315.6
2002-05,M3,M2,Quasi-money,Savings & Other Deposits,62903.8
2002-06,M3,M2,M1,Currency In Active Circulation,12056.2
2002-06,M3,M2,M1,Demand Deposits,22887.4
2002-06,M3,M2,Quasi-money,Fixed Deposits,82046.4
2002-06,M3,M2,Quasi-money,S$ Negotiable Certificate Of Deposits,306.5
2002-06,M3,M2,Quasi-money,Savings & Other Deposits,62319.4
2002-07,M3,M2,M1,Currency In Active Circulation,12028
2002-07,M3,M2,M1,Demand Deposits,22675.7
2002-07,M3,M2,Quasi-money,Fixed Deposits,81997.3
2002-07,M3,M2,Quasi-money,S$ Negotiable Certificate Of Deposits,244.6
2002-07,M3,M2,Quasi-money,Savings & Other Deposits,62060.6
2002-08,M3,M2,M1,Currency In Active Circulation,12162.3
2002-08,M3,M2,M1,Demand Deposits,22694.5
2002-08,M3,M2,Quasi-money,Fixed Deposits,80840.6
2002-08,M3,M2,Quasi-money,S$ Negotiable Certificate Of Deposits,234.7
2002-08,M3,M2,Quasi-money,Savings & Other Deposits,62173.1
2002-09,M3,M2,M1,Currency In Active Circulation,12207.3
2002-09,M3,M2,M1,Demand Deposits,22417.2
2002-09,M3,M2,Quasi-money,Fixed Deposits,81272.1
2002-09,M3,M2,Quasi-money,S$ Negotiable Certificate Of Deposits,254.1
2002-09,M3,M2,Quasi-money,Savings & Other Deposits,61973.9
2002-10,M3,M2,M1,Currency In Active Circulation,12225.9
2002-10,M3,M2,M1,Demand Deposits,22175.7
2002-10,M3,M2,Quasi-money,Fixed Deposits,82042.6
2002-10,M3,M2,Quasi-money,S$ Negotiable Certificate Of Deposits,235.2
2002-10,M3,M2,Quasi-money,Savings & Other Deposits,62267.2
2002-11,M3,M2,M1,Currency In Active Circulation,12365.4
2002-11,M3,M2,M1,Demand Deposits,22896.6
2002-11,M3,M2,Quasi-money,Fixed Deposits,82283.9
2002-11,M3,M2,Quasi-money,S$ Negotiable Certificate Of Deposits,235.2
2002-11,M3,M2,Quasi-money,Savings & Other Deposits,62863.6
2002-12,M3,M2,M1,Currency In Active Circulation,12301.4
2002-12,M3,M2,M1,Demand Deposits,23281.2
2002-12,M3,M2,Quasi-money,Fixed Deposits,81597.5
2002-12,M3,M2,Quasi-money,S$ Negotiable Certificate Of Deposits,225.6
2002-12,M3,M2,Quasi-money,Savings & Other Deposits,62322.8
2003-01,M3,M2,M1,Currency In Active Circulation,12484.8
2003-01,M3,M2,M1,Demand Deposits,22907.1
2003-01,M3,M2,Quasi-money,Fixed Deposits,81565
2003-01,M3,M2,Quasi-money,S$ Negotiable Certificate Of Deposits,225.7
2003-01,M3,M2,Quasi-money,Savings & Other Deposits,62791.4
2003-02,M3,M2,M1,Currency In Active Circulation,12617.7
2003-02,M3,M2,M1,Demand Deposits,23423.5
2003-02,M3,M2,Quasi-money,Fixed Deposits,82113.4
2003-02,M3,M2,Quasi-money,S$ Negotiable Certificate Of Deposits,225.7
2003-02,M3,M2,Quasi-money,Savings & Other Deposits,62715.7
2003-03,M3,M2,M1,Currency In Active Circulation,12516.2
2003-03,M3,M2,M1,Demand Deposits,23568.8
2003-03,M3,M2,Quasi-money,Fixed Deposits,82440
2003-03,M3,M2,Quasi-money,S$ Negotiable Certificate Of Deposits,236
2003-03,M3,M2,Quasi-money,Savings & Other Deposits,63295.8
2003-04,M3,M2,M1,Currency In Active Circulation,12529.2
2003-04,M3,M2,M1,Demand Deposits,24056.5
2003-04,M3,M2,Quasi-money,Fixed Deposits,83406.7
2003-04,M3,M2,Quasi-money,S$ Negotiable Certificate Of Deposits,236
2003-04,M3,M2,Quasi-money,Savings & Other Deposits,63713.3
2003-05,M3,M2,M1,Currency In Active Circulation,12588.4
2003-05,M3,M2,M1,Demand Deposits,24048
2003-05,M3,M2,Quasi-money,Fixed Deposits,83466.6
2003-05,M3,M2,Quasi-money,S$ Negotiable Certificate Of Deposits,196
2003-05,M3,M2,Quasi-money,Savings & Other Deposits,63993.4
2003-06,M3,M2,M1,Currency In Active Circulation,12623.2
2003-06,M3,M2,M1,Demand Deposits,24193.4
2003-06,M3,M2,Quasi-money,Fixed Deposits,83176.2
2003-06,M3,M2,Quasi-money,S$ Negotiable Certificate Of Deposits,186.1
2003-06,M3,M2,Quasi-money,Savings & Other Deposits,64594.2
2003-07,M3,M2,M1,Currency In Active Circulation,12662.4
2003-07,M3,M2,M1,Demand Deposits,24686.4
2003-07,M3,M2,Quasi-money,Fixed Deposits,82615.6
2003-07,M3,M2,Quasi-money,S$ Negotiable Certificate Of Deposits,186.1
2003-07,M3,M2,Quasi-money,Savings & Other Deposits,65658.9
2003-08,M3,M2,M1,Currency In Active Circulation,12775.7
2003-08,M3,M2,M1,Demand Deposits,25385.7
2003-08,M3,M2,Quasi-money,Fixed Deposits,82884
2003-08,M3,M2,Quasi-money,S$ Negotiable Certificate Of Deposits,246.1
2003-08,M3,M2,Quasi-money,Savings & Other Deposits,65749.8
2003-09,M3,M2,M1,Currency In Active Circulation,12788.4
2003-09,M3,M2,M1,Demand Deposits,25865
2003-09,M3,M2,Quasi-money,Fixed Deposits,81600.7
2003-09,M3,M2,Quasi-money,S$ Negotiable Certificate Of Deposits,289.2
2003-09,M3,M2,Quasi-money,Savings & Other Deposits,65977.6
2003-10,M3,M2,M1,Currency In Active Circulation,12793.9
2003-10,M3,M2,M1,Demand Deposits,25861.2
2003-10,M3,M2,Quasi-money,Fixed Deposits,87374.6
2003-10,M3,M2,Quasi-money,S$ Negotiable Certificate Of Deposits,304.2
2003-10,M3,M2,Quasi-money,Savings & Other Deposits,66973.6
2003-11,M3,M2,M1,Currency In Active Circulation,12829.5
2003-11,M3,M2,M1,Demand Deposits,25708.3
2003-11,M3,M2,Quasi-money,Fixed Deposits,89556
2003-11,M3,M2,Quasi-money,S$ Negotiable Certificate Of Deposits,284.2
2003-11,M3,M2,Quasi-money,Savings & Other Deposits,66203.9
2003-12,M3,M2,M1,Currency In Active Circulation,12821.6
2003-12,M3,M2,M1,Demand Deposits,25803.9
2003-12,M3,M2,Quasi-money,Fixed Deposits,89706.3
2003-12,M3,M2,Quasi-money,S$ Negotiable Certificate Of Deposits,288.3
2003-12,M3,M2,Quasi-money,Savings & Other Deposits,65874.2
2004-01,M3,M2,M1,Currency In Active Circulation,12804.7
2004-01,M3,M2,M1,Demand Deposits,26480.7
2004-01,M3,M2,Quasi-money,Fixed Deposits,92209.9
2004-01,M3,M2,Quasi-money,S$ Negotiable Certificate Of Deposits,288.3
2004-01,M3,M2,Quasi-money,Savings & Other Deposits,67462.8
2004-02,M3,M2,M1,Currency In Active Circulation,12980.8
2004-02,M3,M2,M1,Demand Deposits,27247
2004-02,M3,M2,Quasi-money,Fixed Deposits,92438.5
2004-02,M3,M2,Quasi-money,S$ Negotiable Certificate Of Deposits,303.3
2004-02,M3,M2,Quasi-money,Savings & Other Deposits,66957.3
2004-03,M3,M2,M1,Currency In Active Circulation,13072.7
2004-03,M3,M2,M1,Demand Deposits,27637
2004-03,M3,M2,Quasi-money,Fixed Deposits,92662.5
2004-03,M3,M2,Quasi-money,S$ Negotiable Certificate Of Deposits,324
2004-03,M3,M2,Quasi-money,Savings & Other Deposits,66626.9
2004-04,M3,M2,M1,Currency In Active Circulation,13118
2004-04,M3,M2,M1,Demand Deposits,27395
2004-04,M3,M2,Quasi-money,Fixed Deposits,96308.8
2004-04,M3,M2,Quasi-money,S$ Negotiable Certificate Of Deposits,362
2004-04,M3,M2,Quasi-money,Savings & Other Deposits,66484.8
2004-05,M3,M2,M1,Currency In Active Circulation,13262.5
2004-05,M3,M2,M1,Demand Deposits,28433.7
2004-05,M3,M2,Quasi-money,Fixed Deposits,95239.7
2004-05,M3,M2,Quasi-money,S$ Negotiable Certificate Of Deposits,364
2004-05,M3,M2,Quasi-money,Savings & Other Deposits,66635.4
2004-06,M3,M2,M1,Currency In Active Circulation,13312.6
2004-06,M3,M2,M1,Demand Deposits,27875.9
2004-06,M3,M2,Quasi-money,Fixed Deposits,95543.6
2004-06,M3,M2,Quasi-money,S$ Negotiable Certificate Of Deposits,384
2004-06,M3,M2,Quasi-money,Savings & Other Deposits,67193
2004-07,M3,M2,M1,Currency In Active Circulation,13542
2004-07,M3,M2,M1,Demand Deposits,28687.7
2004-07,M3,M2,Quasi-money,Fixed Deposits,93941.5
2004-07,M3,M2,Quasi-money,S$ Negotiable Certificate Of Deposits,520
2004-07,M3,M2,Quasi-money,Savings & Other Deposits,67508
2004-08,M3,M2,M1,Currency In Active Circulation,13481.3
2004-08,M3,M2,M1,Demand Deposits,28746.9
2004-08,M3,M2,Quasi-money,Fixed Deposits,93605.8
2004-08,M3,M2,Quasi-money,S$ Negotiable Certificate Of Deposits,520
2004-08,M3,M2,Quasi-money,Savings & Other Deposits,67801.9
2004-09,M3,M2,M1,Currency In Active Circulation,13472.9
2004-09,M3,M2,M1,Demand Deposits,29050.9
2004-09,M3,M2,Quasi-money,Fixed Deposits,91091.9
2004-09,M3,M2,Quasi-money,S$ Negotiable Certificate Of Deposits,454.8
2004-09,M3,M2,Quasi-money,Savings & Other Deposits,67930.5
2004-10,M3,M2,M1,Currency In Active Circulation,13570.1
2004-10,M3,M2,M1,Demand Deposits,30099.4
2004-10,M3,M2,Quasi-money,Fixed Deposits,91732.2
2004-10,M3,M2,Quasi-money,S$ Negotiable Certificate Of Deposits,471
2004-10,M3,M2,Quasi-money,Savings & Other Deposits,68089.2
2004-11,M3,M2,M1,Currency In Active Circulation,13616.4
2004-11,M3,M2,M1,Demand Deposits,30283.9
2004-11,M3,M2,Quasi-money,Fixed Deposits,92745.1
2004-11,M3,M2,Quasi-money,S$ Negotiable Certificate Of Deposits,470.8
2004-11,M3,M2,Quasi-money,Savings & Other Deposits,68075.9
2004-12,M3,M2,M1,Currency In Active Circulation,13695.4
2004-12,M3,M2,M1,Demand Deposits,30574.4
2004-12,M3,M2,Quasi-money,Fixed Deposits,93360.2
2004-12,M3,M2,Quasi-money,S$ Negotiable Certificate Of Deposits,515
2004-12,M3,M2,Quasi-money,Savings & Other Deposits,68895.6
2005-01,M3,M2,M1,Currency In Active Circulation,13816.1
2005-01,M3,M2,M1,Demand Deposits,30079.2
2005-01,M3,M2,Quasi-money,Fixed Deposits,91493.3
2005-01,M3,M2,Quasi-money,S$ Negotiable Certificate Of Deposits,450
2005-01,M3,M2,Quasi-money,Savings & Other Deposits,68966.4
2005-02,M3,M2,M1,Currency In Active Circulation,13816.6
2005-02,M3,M2,M1,Demand Deposits,28875.6
2005-02,M3,M2,Quasi-money,Fixed Deposits,93584.8
2005-02,M3,M2,Quasi-money,S$ Negotiable Certificate Of Deposits,451.7
2005-02,M3,M2,Quasi-money,Savings & Other Deposits,68934.8
2005-03,M3,M2,M1,Currency In Active Circulation,13893.1
2005-03,M3,M2,M1,Demand Deposits,30541.2
2005-03,M3,M2,Quasi-money,Fixed Deposits,95967.7
2005-03,M3,M2,Quasi-money,S$ Negotiable Certificate Of Deposits,450.2
2005-03,M3,M2,Quasi-money,Savings & Other Deposits,68329.5
2005-04,M3,M2,M1,Currency In Active Circulation,13967.1
2005-04,M3,M2,M1,Demand Deposits,30761.9
2005-04,M3,M2,Quasi-money,Fixed Deposits,97486
2005-04,M3,M2,Quasi-money,S$ Negotiable Certificate Of Deposits,409.8
2005-04,M3,M2,Quasi-money,Savings & Other Deposits,67802.5
2005-05,M3,M2,M1,Currency In Active Circulation,14005.1
2005-05,M3,M2,M1,Demand Deposits,30932.9
2005-05,M3,M2,Quasi-money,Fixed Deposits,97513.3
2005-05,M3,M2,Quasi-money,S$ Negotiable Certificate Of Deposits,412.6
2005-05,M3,M2,Quasi-money,Savings & Other Deposits,67216.9
2005-06,M3,M2,M1,Currency In Active Circulation,14056.5
2005-06,M3,M2,M1,Demand Deposits,31694.1
2005-06,M3,M2,Quasi-money,Fixed Deposits,100071.4
2005-06,M3,M2,Quasi-money,S$ Negotiable Certificate Of Deposits,412.5
2005-06,M3,M2,Quasi-money,Savings & Other Deposits,67105.3
2005-07,M3,M2,M1,Currency In Active Circulation,14243.8
2005-07,M3,M2,M1,Demand Deposits,31573.7
2005-07,M3,M2,Quasi-money,Fixed Deposits,101262.3
2005-07,M3,M2,Quasi-money,S$ Negotiable Certificate Of Deposits,412
2005-07,M3,M2,Quasi-money,Savings & Other Deposits,67333.4
2005-08,M3,M2,M1,Currency In Active Circulation,14248.9
2005-08,M3,M2,M1,Demand Deposits,31351.1
2005-08,M3,M2,Quasi-money,Fixed Deposits,102537.7
2005-08,M3,M2,Quasi-money,S$ Negotiable Certificate Of Deposits,411.9
2005-08,M3,M2,Quasi-money,Savings & Other Deposits,67654.2
2005-09,M3,M2,M1,Currency In Active Circulation,14395.1
2005-09,M3,M2,M1,Demand Deposits,32014.2
2005-09,M3,M2,Quasi-money,Fixed Deposits,104030
2005-09,M3,M2,Quasi-money,S$ Negotiable Certificate Of Deposits,453.8
2005-09,M3,M2,Quasi-money,Savings & Other Deposits,67634.8
2005-10,M3,M2,M1,Currency In Active Circulation,14549.9
2005-10,M3,M2,M1,Demand Deposits,31757.8
2005-10,M3,M2,Quasi-money,Fixed Deposits,106816.2
2005-10,M3,M2,Quasi-money,S$ Negotiable Certificate Of Deposits,444.1
2005-10,M3,M2,Quasi-money,Savings & Other Deposits,67030.7
2005-11,M3,M2,M1,Currency In Active Circulation,14523.7
2005-11,M3,M2,M1,Demand Deposits,32498.8
2005-11,M3,M2,Quasi-money,Fixed Deposits,107193.5
2005-11,M3,M2,Quasi-money,S$ Negotiable Certificate Of Deposits,379.2
2005-11,M3,M2,Quasi-money,Savings & Other Deposits,66522.5
2005-12,M3,M2,M1,Currency In Active Circulation,14601.3
2005-12,M3,M2,M1,Demand Deposits,31803.5
2005-12,M3,M2,Quasi-money,Fixed Deposits,107714.3
2005-12,M3,M2,Quasi-money,S$ Negotiable Certificate Of Deposits,409.2
2005-12,M3,M2,Quasi-money,Savings & Other Deposits,65721.7
2006-01,M3,M2,M1,Currency In Active Circulation,14782.2
2006-01,M3,M2,M1,Demand Deposits,31154.7
2006-01,M3,M2,Quasi-money,Fixed Deposits,106795.7
2006-01,M3,M2,Quasi-money,S$ Negotiable Certificate Of Deposits,374.5
2006-01,M3,M2,Quasi-money,Savings & Other Deposits,65085.6
2006-02,M3,M2,M1,Currency In Active Circulation,14742.6
2006-02,M3,M2,M1,Demand Deposits,32148.6
2006-02,M3,M2,Quasi-money,Fixed Deposits,111450.6
2006-02,M3,M2,Quasi-money,S$ Negotiable Certificate Of Deposits,375.6
2006-02,M3,M2,Quasi-money,Savings & Other Deposits,64627.3
2006-03,M3,M2,M1,Currency In Active Circulation,14725.8
2006-03,M3,M2,M1,Demand Deposits,33213.2
2006-03,M3,M2,Quasi-money,Fixed Deposits,113223.6
2006-03,M3,M2,Quasi-money,S$ Negotiable Certificate Of Deposits,344.6
2006-03,M3,M2,Quasi-money,Savings & Other Deposits,64960.5
2006-04,M3,M2,M1,Currency In Active Circulation,14852.2
2006-04,M3,M2,M1,Demand Deposits,34113.1
2006-04,M3,M2,Quasi-money,Fixed Deposits,114491.8
2006-04,M3,M2,Quasi-money,S$ Negotiable Certificate Of Deposits,592.6
2006-04,M3,M2,Quasi-money,Savings & Other Deposits,66192.8
2006-05,M3,M2,M1,Currency In Active Circulation,14832.2
2006-05,M3,M2,M1,Demand Deposits,34242.2
2006-05,M3,M2,Quasi-money,Fixed Deposits,120685.1
2006-05,M3,M2,Quasi-money,S$ Negotiable Certificate Of Deposits,592.1
2006-05,M3,M2,Quasi-money,Savings & Other Deposits,64972.9
2006-06,M3,M2,M1,Currency In Active Circulation,14875.6
2006-06,M3,M2,M1,Demand Deposits,33730.4
2006-06,M3,M2,Quasi-money,Fixed Deposits,123027.2
2006-06,M3,M2,Quasi-money,S$ Negotiable Certificate Of Deposits,491.4
2006-06,M3,M2,Quasi-money,Savings & Other Deposits,64712.3
2006-07,M3,M2,M1,Currency In Active Circulation,14926.5
2006-07,M3,M2,M1,Demand Deposits,34082.6
2006-07,M3,M2,Quasi-money,Fixed Deposits,124630.6
2006-07,M3,M2,Quasi-money,S$ Negotiable Certificate Of Deposits,490.7
2006-07,M3,M2,Quasi-money,Savings & Other Deposits,63612.4
2006-08,M3,M2,M1,Currency In Active Circulation,14911.1
2006-08,M3,M2,M1,Demand Deposits,35812.2
2006-08,M3,M2,Quasi-money,Fixed Deposits,129085.4
2006-08,M3,M2,Quasi-money,S$ Negotiable Certificate Of Deposits,281.7
2006-08,M3,M2,Quasi-money,Savings & Other Deposits,63838.3
2006-09,M3,M2,M1,Currency In Active Circulation,15191.3
2006-09,M3,M2,M1,Demand Deposits,34681.1
2006-09,M3,M2,Quasi-money,Fixed Deposits,131709.5
2006-09,M3,M2,Quasi-money,S$ Negotiable Certificate Of Deposits,254.7
2006-09,M3,M2,Quasi-money,Savings & Other Deposits,64334.9
2006-10,M3,M2,M1,Currency In Active Circulation,15022.3
2006-10,M3,M2,M1,Demand Deposits,35147.3
2006-10,M3,M2,Quasi-money,Fixed Deposits,136165.3
2006-10,M3,M2,Quasi-money,S$ Negotiable Certificate Of Deposits,254.7
2006-10,M3,M2,Quasi-money,Savings & Other Deposits,65411.2
2006-11,M3,M2,M1,Currency In Active Circulation,15134.5
2006-11,M3,M2,M1,Demand Deposits,35963
2006-11,M3,M2,Quasi-money,Fixed Deposits,138285.8
2006-11,M3,M2,Quasi-money,S$ Negotiable Certificate Of Deposits,257.8
2006-11,M3,M2,Quasi-money,Savings & Other Deposits,66973.1
2006-12,M3,M2,M1,Currency In Active Circulation,15317.6
2006-12,M3,M2,M1,Demand Deposits,37495.2
2006-12,M3,M2,Quasi-money,Fixed Deposits,141619.4
2006-12,M3,M2,Quasi-money,S$ Negotiable Certificate Of Deposits,220.8
2006-12,M3,M2,Quasi-money,Savings & Other Deposits,68588.1
2007-01,M3,M2,M1,Currency In Active Circulation,15234.8
2007-01,M3,M2,M1,Demand Deposits,38711.4
2007-01,M3,M2,Quasi-money,Fixed Deposits,142083.6
2007-01,M3,M2,Quasi-money,S$ Negotiable Certificate Of Deposits,220.8
2007-01,M3,M2,Quasi-money,Savings & Other Deposits,69837.4
2007-02,M3,M2,M1,Currency In Active Circulation,15375.2
2007-02,M3,M2,M1,Demand Deposits,38911
2007-02,M3,M2,Quasi-money,Fixed Deposits,146548.2
2007-02,M3,M2,Quasi-money,S$ Negotiable Certificate Of Deposits,196
2007-02,M3,M2,Quasi-money,Savings & Other Deposits,70864.3
2007-03,M3,M2,M1,Currency In Active Circulation,15519.7
2007-03,M3,M2,M1,Demand Deposits,39534.9
2007-03,M3,M2,Quasi-money,Fixed Deposits,152199.6
2007-03,M3,M2,Quasi-money,S$ Negotiable Certificate Of Deposits,205.4
2007-03,M3,M2,Quasi-money,Savings & Other Deposits,71159.7
2007-04,M3,M2,M1,Currency In Active Circulation,15756.9
2007-04,M3,M2,M1,Demand Deposits,39545.7
2007-04,M3,M2,Quasi-money,Fixed Deposits,154412.8
2007-04,M3,M2,Quasi-money,S$ Negotiable Certificate Of Deposits,205.6
2007-04,M3,M2,Quasi-money,Savings & Other Deposits,73569.8
2007-05,M3,M2,M1,Currency In Active Circulation,15917.3
2007-05,M3,M2,M1,Demand Deposits,41786.5
2007-05,M3,M2,Quasi-money,Fixed Deposits,153465.7
2007-05,M3,M2,Quasi-money,S$ Negotiable Certificate Of Deposits,432.6
2007-05,M3,M2,Quasi-money,Savings & Other Deposits,76179
2007-06,M3,M2,M1,Currency In Active Circulation,16177.1
2007-06,M3,M2,M1,Demand Deposits,43267
2007-06,M3,M2,Quasi-money,Fixed Deposits,153768
2007-06,M3,M2,Quasi-money,S$ Negotiable Certificate Of Deposits,430.8
2007-06,M3,M2,Quasi-money,Savings & Other Deposits,78930.4
2007-07,M3,M2,M1,Currency In Active Circulation,16178.4
2007-07,M3,M2,M1,Demand Deposits,43996.1
2007-07,M3,M2,Quasi-money,Fixed Deposits,151461.7
2007-07,M3,M2,Quasi-money,S$ Negotiable Certificate Of Deposits,282.3
2007-07,M3,M2,Quasi-money,Savings & Other Deposits,79763.1
2007-08,M3,M2,M1,Currency In Active Circulation,16240
2007-08,M3,M2,M1,Demand Deposits,45517.4
2007-08,M3,M2,Quasi-money,Fixed Deposits,151277.3
2007-08,M3,M2,Quasi-money,S$ Negotiable Certificate Of Deposits,304.2
2007-08,M3,M2,Quasi-money,Savings & Other Deposits,79697.6
2007-09,M3,M2,M1,Currency In Active Circulation,16464.5
2007-09,M3,M2,M1,Demand Deposits,45166
2007-09,M3,M2,Quasi-money,Fixed Deposits,152841.2
2007-09,M3,M2,Quasi-money,S$ Negotiable Certificate Of Deposits,309.8
2007-09,M3,M2,Quasi-money,Savings & Other Deposits,80471.3
2007-10,M3,M2,M1,Currency In Active Circulation,16271.4
2007-10,M3,M2,M1,Demand Deposits,47272.6
2007-10,M3,M2,Quasi-money,Fixed Deposits,152592.1
2007-10,M3,M2,Quasi-money,S$ Negotiable Certificate Of Deposits,310.4
2007-10,M3,M2,Quasi-money,Savings & Other Deposits,81113.3
2007-11,M3,M2,M1,Currency In Active Circulation,16469.9
2007-11,M3,M2,M1,Demand Deposits,46783.7
2007-11,M3,M2,Quasi-money,Fixed Deposits,155056.5
2007-11,M3,M2,Quasi-money,S$ Negotiable Certificate Of Deposits,65.6
2007-11,M3,M2,Quasi-money,Savings & Other Deposits,80847.5
2007-12,M3,M2,M1,Currency In Active Circulation,16717
2007-12,M3,M2,M1,Demand Deposits,47978.7
2007-12,M3,M2,Quasi-money,Fixed Deposits,151731.7
2007-12,M3,M2,Quasi-money,S$ Negotiable Certificate Of Deposits,65.7
2007-12,M3,M2,Quasi-money,Savings & Other Deposits,82282.9
2008-01,M3,M2,M1,Currency In Active Circulation,16817.6
2008-01,M3,M2,M1,Demand Deposits,49931.9
2008-01,M3,M2,Quasi-money,Fixed Deposits,148937.3
2008-01,M3,M2,Quasi-money,S$ Negotiable Certificate Of Deposits,46
2008-01,M3,M2,Quasi-money,Savings & Other Deposits,83437.9
2008-02,M3,M2,M1,Currency In Active Circulation,17038.9
2008-02,M3,M2,M1,Demand Deposits,51778.7
2008-02,M3,M2,Quasi-money,Fixed Deposits,150562
2008-02,M3,M2,Quasi-money,S$ Negotiable Certificate Of Deposits,46.1
2008-02,M3,M2,Quasi-money,Savings & Other Deposits,85922.1
2008-03,M3,M2,M1,Currency In Active Circulation,17329.3
2008-03,M3,M2,M1,Demand Deposits,51554
2008-03,M3,M2,Quasi-money,Fixed Deposits,155427.8
2008-03,M3,M2,Quasi-money,S$ Negotiable Certificate Of Deposits,46.1
2008-03,M3,M2,Quasi-money,Savings & Other Deposits,87773.1
2008-04,M3,M2,M1,Currency In Active Circulation,17278.2
2008-04,M3,M2,M1,Demand Deposits,53941.1
2008-04,M3,M2,Quasi-money,Fixed Deposits,154718.8
2008-04,M3,M2,Quasi-money,S$ Negotiable Certificate Of Deposits,35.9
2008-04,M3,M2,Quasi-money,Savings & Other Deposits,90879.7
2008-05,M3,M2,M1,Currency In Active Circulation,17524.7
2008-05,M3,M2,M1,Demand Deposits,53741.4
2008-05,M3,M2,Quasi-money,Fixed Deposits,149367.8
2008-05,M3,M2,Quasi-money,S$ Negotiable Certificate Of Deposits,27.9
2008-05,M3,M2,Quasi-money,Savings & Other Deposits,91755.9
2008-06,M3,M2,M1,Currency In Active Circulation,17679.6
2008-06,M3,M2,M1,Demand Deposits,54939.3
2008-06,M3,M2,Quasi-money,Fixed Deposits,149119.6
2008-06,M3,M2,Quasi-money,S$ Negotiable Certificate Of Deposits,27.9
2008-06,M3,M2,Quasi-money,Savings & Other Deposits,92733.9
2008-07,M3,M2,M1,Currency In Active Circulation,17809.1
2008-07,M3,M2,M1,Demand Deposits,55499.9
2008-07,M3,M2,Quasi-money,Fixed Deposits,152112
2008-07,M3,M2,Quasi-money,S$ Negotiable Certificate Of Deposits,48
2008-07,M3,M2,Quasi-money,Savings & Other Deposits,94335.7
2008-08,M3,M2,M1,Currency In Active Circulation,18191.1
2008-08,M3,M2,M1,Demand Deposits,55797.2
2008-08,M3,M2,Quasi-money,Fixed Deposits,148905.9
2008-08,M3,M2,Quasi-money,S$ Negotiable Certificate Of Deposits,47.9
2008-08,M3,M2,Quasi-money,Savings & Other Deposits,95538.3
2008-09,M3,M2,M1,Currency In Active Circulation,18427.3
2008-09,M3,M2,M1,Demand Deposits,57767.7
2008-09,M3,M2,Quasi-money,Fixed Deposits,152204.7
2008-09,M3,M2,Quasi-money,S$ Negotiable Certificate Of Deposits,28
2008-09,M3,M2,Quasi-money,Savings & Other Deposits,97306.4
2008-10,M3,M2,M1,Currency In Active Circulation,18789.3
2008-10,M3,M2,M1,Demand Deposits,56928
2008-10,M3,M2,Quasi-money,Fixed Deposits,159614.7
2008-10,M3,M2,Quasi-money,S$ Negotiable Certificate Of Deposits,3
2008-10,M3,M2,Quasi-money,Savings & Other Deposits,98387.5
2008-11,M3,M2,M1,Currency In Active Circulation,19043.1
2008-11,M3,M2,M1,Demand Deposits,55855.6
2008-11,M3,M2,Quasi-money,Fixed Deposits,158912.8
2008-11,M3,M2,Quasi-money,S$ Negotiable Certificate Of Deposits,3
2008-11,M3,M2,Quasi-money,Savings & Other Deposits,100882
2008-12,M3,M2,M1,Currency In Active Circulation,19064.5
2008-12,M3,M2,M1,Demand Deposits,57500.5
2008-12,M3,M2,Quasi-money,Fixed Deposits,155121.9
2008-12,M3,M2,Quasi-money,S$ Negotiable Certificate Of Deposits,18
2008-12,M3,M2,Quasi-money,Savings & Other Deposits,103213.5
2009-01,M3,M2,M1,Currency In Active Circulation,19212.7
2009-01,M3,M2,M1,Demand Deposits,62594
2009-01,M3,M2,Quasi-money,Fixed Deposits,149963.1
2009-01,M3,M2,Quasi-money,S$ Negotiable Certificate Of Deposits,3
2009-01,M3,M2,Quasi-money,Savings & Other Deposits,105431.1
2009-02,M3,M2,M1,Currency In Active Circulation,19394.4
2009-02,M3,M2,M1,Demand Deposits,62663.3
2009-02,M3,M2,Quasi-money,Fixed Deposits,149694.8
2009-02,M3,M2,Quasi-money,S$ Negotiable Certificate Of Deposits,3
2009-02,M3,M2,Quasi-money,Savings & Other Deposits,108052.4
2009-03,M3,M2,M1,Currency In Active Circulation,19440.8
2009-03,M3,M2,M1,Demand Deposits,65954.9
2009-03,M3,M2,Quasi-money,Fixed Deposits,152668
2009-03,M3,M2,Quasi-money,S$ Negotiable Certificate Of Deposits,3
2009-03,M3,M2,Quasi-money,Savings & Other Deposits,109807
2009-04,M3,M2,M1,Currency In Active Circulation,19421.9
2009-04,M3,M2,M1,Demand Deposits,64613.3
2009-04,M3,M2,Quasi-money,Fixed Deposits,152217.1
2009-04,M3,M2,Quasi-money,S$ Negotiable Certificate Of Deposits,3
2009-04,M3,M2,Quasi-money,Savings & Other Deposits,110974.9
2009-05,M3,M2,M1,Currency In Active Circulation,19528.9
2009-05,M3,M2,M1,Demand Deposits,64798.1
2009-05,M3,M2,Quasi-money,Fixed Deposits,150821.8
2009-05,M3,M2,Quasi-money,S$ Negotiable Certificate Of Deposits,3
2009-05,M3,M2,Quasi-money,Savings & Other Deposits,112776.9
2009-06,M3,M2,M1,Currency In Active Circulation,19579.9
2009-06,M3,M2,M1,Demand Deposits,66883.4
2009-06,M3,M2,Quasi-money,Fixed Deposits,154399.5
2009-06,M3,M2,Quasi-money,S$ Negotiable Certificate Of Deposits,3
2009-06,M3,M2,Quasi-money,Savings & Other Deposits,114396
2009-07,M3,M2,M1,Currency In Active Circulation,19696.5
2009-07,M3,M2,M1,Demand Deposits,68703.9
2009-07,M3,M2,Quasi-money,Fixed Deposits,153361.4
2009-07,M3,M2,Quasi-money,S$ Negotiable Certificate Of Deposits,3
2009-07,M3,M2,Quasi-money,Savings & Other Deposits,116144.3
2009-08,M3,M2,M1,Currency In Active Circulation,19909.4
2009-08,M3,M2,M1,Demand Deposits,69688.7
2009-08,M3,M2,Quasi-money,Fixed Deposits,151614.4
2009-08,M3,M2,Quasi-money,S$ Negotiable Certificate Of Deposits,0
2009-08,M3,M2,Quasi-money,Savings & Other Deposits,117338.5
2009-09,M3,M2,M1,Currency In Active Circulation,19922.7
2009-09,M3,M2,M1,Demand Deposits,71720.1
2009-09,M3,M2,Quasi-money,Fixed Deposits,152098.5
2009-09,M3,M2,Quasi-money,S$ Negotiable Certificate Of Deposits,0
2009-09,M3,M2,Quasi-money,Savings & Other Deposits,118642.3
2009-10,M3,M2,M1,Currency In Active Circulation,20134.9
2009-10,M3,M2,M1,Demand Deposits,72272.5
2009-10,M3,M2,Quasi-money,Fixed Deposits,152648.7
2009-10,M3,M2,Quasi-money,S$ Negotiable Certificate Of Deposits,0
2009-10,M3,M2,Quasi-money,Savings & Other Deposits,119508.6
2009-11,M3,M2,M1,Currency In Active Circulation,20257.7
2009-11,M3,M2,M1,Demand Deposits,73314.7
2009-11,M3,M2,Quasi-money,Fixed Deposits,154345.4
2009-11,M3,M2,Quasi-money,S$ Negotiable Certificate Of Deposits,0
2009-11,M3,M2,Quasi-money,Savings & Other Deposits,120270.9
2009-12,M3,M2,M1,Currency In Active Circulation,20301.4
2009-12,M3,M2,M1,Demand Deposits,73997.8
2009-12,M3,M2,Quasi-money,Fixed Deposits,156731.1
2009-12,M3,M2,Quasi-money,S$ Negotiable Certificate Of Deposits,0
2009-12,M3,M2,Quasi-money,Savings & Other Deposits,121760.8
2010-01,M3,M2,M1,Currency In Active Circulation,20535
2010-01,M3,M2,M1,Demand Deposits,73925.7
2010-01,M3,M2,Quasi-money,Fixed Deposits,158059.2
2010-01,M3,M2,Quasi-money,S$ Negotiable Certificate Of Deposits,0
2010-01,M3,M2,Quasi-money,Savings & Other Deposits,121949.6
2010-02,M3,M2,M1,Currency In Active Circulation,20585.6
2010-02,M3,M2,M1,Demand Deposits,75385.3
2010-02,M3,M2,Quasi-money,Fixed Deposits,154317.1
2010-02,M3,M2,Quasi-money,S$ Negotiable Certificate Of Deposits,0
2010-02,M3,M2,Quasi-money,Savings & Other Deposits,122376.5
2010-03,M3,M2,M1,Currency In Active Circulation,20925.9
2010-03,M3,M2,M1,Demand Deposits,76212.8
2010-03,M3,M2,Quasi-money,Fixed Deposits,156980.9
2010-03,M3,M2,Quasi-money,S$ Negotiable Certificate Of Deposits,0
2010-03,M3,M2,Quasi-money,Savings & Other Deposits,124099.4
2010-04,M3,M2,M1,Currency In Active Circulation,21171.7
2010-04,M3,M2,M1,Demand Deposits,77277.1
2010-04,M3,M2,Quasi-money,Fixed Deposits,154550.2
2010-04,M3,M2,Quasi-money,S$ Negotiable Certificate Of Deposits,0
2010-04,M3,M2,Quasi-money,Savings & Other Deposits,125142.9
2010-05,M3,M2,M1,Currency In Active Circulation,21442.2
2010-05,M3,M2,M1,Demand Deposits,79869.4
2010-05,M3,M2,Quasi-money,Fixed Deposits,154328.9
2010-05,M3,M2,Quasi-money,S$ Negotiable Certificate Of Deposits,0
2010-05,M3,M2,Quasi-money,Savings & Other Deposits,123994.2
2010-06,M3,M2,M1,Currency In Active Circulation,21502.1
2010-06,M3,M2,M1,Demand Deposits,80885.8
2010-06,M3,M2,Quasi-money,Fixed Deposits,152594.8
2010-06,M3,M2,Quasi-money,S$ Negotiable Certificate Of Deposits,0
2010-06,M3,M2,Quasi-money,Savings & Other Deposits,126971.5
2010-07,M3,M2,M1,Currency In Active Circulation,21757.9
2010-07,M3,M2,M1,Demand Deposits,81828
2010-07,M3,M2,Quasi-money,Fixed Deposits,153593.1
2010-07,M3,M2,Quasi-money,S$ Negotiable Certificate Of Deposits,20
2010-07,M3,M2,Quasi-money,Savings & Other Deposits,127949.5
2010-08,M3,M2,M1,Currency In Active Circulation,21782.7
2010-08,M3,M2,M1,Demand Deposits,83978.9
2010-08,M3,M2,Quasi-money,Fixed Deposits,151953.5
2010-08,M3,M2,Quasi-money,S$ Negotiable Certificate Of Deposits,20
2010-08,M3,M2,Quasi-money,Savings & Other Deposits,130141
2010-09,M3,M2,M1,Currency In Active Circulation,21948.9
2010-09,M3,M2,M1,Demand Deposits,85235.4
2010-09,M3,M2,Quasi-money,Fixed Deposits,152767.5
2010-09,M3,M2,Quasi-money,S$ Negotiable Certificate Of Deposits,20
2010-09,M3,M2,Quasi-money,Savings & Other Deposits,131850
2010-10,M3,M2,M1,Currency In Active Circulation,22163.9
2010-10,M3,M2,M1,Demand Deposits,86770
2010-10,M3,M2,Quasi-money,Fixed Deposits,157835.7
2010-10,M3,M2,Quasi-money,S$ Negotiable Certificate Of Deposits,20
2010-10,M3,M2,Quasi-money,Savings & Other Deposits,134069.6
2010-11,M3,M2,M1,Currency In Active Circulation,22182
2010-11,M3,M2,M1,Demand Deposits,89652.2
2010-11,M3,M2,Quasi-money,Fixed Deposits,157072.6
2010-11,M3,M2,Quasi-money,S$ Negotiable Certificate Of Deposits,20
2010-11,M3,M2,Quasi-money,Savings & Other Deposits,135251.1
2010-12,M3,M2,M1,Currency In Active Circulation,22408.6
2010-12,M3,M2,M1,Demand Deposits,90774.8
2010-12,M3,M2,Quasi-money,Fixed Deposits,154417.3
2010-12,M3,M2,Quasi-money,S$ Negotiable Certificate Of Deposits,20
2010-12,M3,M2,Quasi-money,Savings & Other Deposits,137010.3
2011-01,M3,M2,M1,Currency In Active Circulation,22604.9
2011-01,M3,M2,M1,Demand Deposits,92579.9
2011-01,M3,M2,Quasi-money,Fixed Deposits,154061.6
2011-01,M3,M2,Quasi-money,S$ Negotiable Certificate Of Deposits,20
2011-01,M3,M2,Quasi-money,Savings & Other Deposits,135873.1
2011-02,M3,M2,M1,Currency In Active Circulation,23045.2
2011-02,M3,M2,M1,Demand Deposits,93260.8
2011-02,M3,M2,Quasi-money,Fixed Deposits,154521.6
2011-02,M3,M2,Quasi-money,S$ Negotiable Certificate Of Deposits,20
2011-02,M3,M2,Quasi-money,Savings & Other Deposits,135580.2
2011-03,M3,M2,M1,Currency In Active Circulation,22869.6
2011-03,M3,M2,M1,Demand Deposits,95759.1
2011-03,M3,M2,Quasi-money,Fixed Deposits,156440.2
2011-03,M3,M2,Quasi-money,S$ Negotiable Certificate Of Deposits,20
2011-03,M3,M2,Quasi-money,Savings & Other Deposits,136289.5
2011-04,M3,M2,M1,Currency In Active Circulation,23137
2011-04,M3,M2,M1,Demand Deposits,98427.3
2011-04,M3,M2,Quasi-money,Fixed Deposits,158453.6
2011-04,M3,M2,Quasi-money,S$ Negotiable Certificate Of Deposits,20
2011-04,M3,M2,Quasi-money,Savings & Other Deposits,139662.1
2011-05,M3,M2,M1,Currency In Active Circulation,23180.3
2011-05,M3,M2,M1,Demand Deposits,99311.6
2011-05,M3,M2,Quasi-money,Fixed Deposits,157205.2
2011-05,M3,M2,Quasi-money,S$ Negotiable Certificate Of Deposits,85
2011-05,M3,M2,Quasi-money,Savings & Other Deposits,141032.9
2011-06,M3,M2,M1,Currency In Active Circulation,23321
2011-06,M3,M2,M1,Demand Deposits,100654.7
2011-06,M3,M2,Quasi-money,Fixed Deposits,157380
2011-06,M3,M2,Quasi-money,S$ Negotiable Certificate Of Deposits,85
2011-06,M3,M2,Quasi-money,Savings & Other Deposits,142110.9
2011-07,M3,M2,M1,Currency In Active Circulation,23587.9
2011-07,M3,M2,M1,Demand Deposits,102057.3
2011-07,M3,M2,Quasi-money,Fixed Deposits,162142.9
2011-07,M3,M2,Quasi-money,S$ Negotiable Certificate Of Deposits,65
2011-07,M3,M2,Quasi-money,Savings & Other Deposits,143691.5
2011-08,M3,M2,M1,Currency In Active Circulation,23767.2
2011-08,M3,M2,M1,Demand Deposits,104199.5
2011-08,M3,M2,Quasi-money,Fixed Deposits,159351.3
2011-08,M3,M2,Quasi-money,S$ Negotiable Certificate Of Deposits,165
2011-08,M3,M2,Quasi-money,Savings & Other Deposits,144207.9
2011-09,M3,M2,M1,Currency In Active Circulation,23990.4
2011-09,M3,M2,M1,Demand Deposits,106101.1
2011-09,M3,M2,Quasi-money,Fixed Deposits,159416.2
2011-09,M3,M2,Quasi-money,S$ Negotiable Certificate Of Deposits,165
2011-09,M3,M2,Quasi-money,Savings & Other Deposits,146214
2011-10,M3,M2,M1,Currency In Active Circulation,24237.1
2011-10,M3,M2,M1,Demand Deposits,107006.3
2011-10,M3,M2,Quasi-money,Fixed Deposits,161539.8
2011-10,M3,M2,Quasi-money,S$ Negotiable Certificate Of Deposits,165
2011-10,M3,M2,Quasi-money,Savings & Other Deposits,148789.2
2011-11,M3,M2,M1,Currency In Active Circulation,24460.6
2011-11,M3,M2,M1,Demand Deposits,107099.1
2011-11,M3,M2,Quasi-money,Fixed Deposits,161725.2
2011-11,M3,M2,Quasi-money,S$ Negotiable Certificate Of Deposits,165
2011-11,M3,M2,Quasi-money,Savings & Other Deposits,151129.7
2011-12,M3,M2,M1,Currency In Active Circulation,24824.4
2011-12,M3,M2,M1,Demand Deposits,106218.1
2011-12,M3,M2,Quasi-money,Fixed Deposits,160699.6
2011-12,M3,M2,Quasi-money,S$ Negotiable Certificate Of Deposits,165
2011-12,M3,M2,Quasi-money,Savings & Other Deposits,152833.9
2012-01,M3,M2,M1,Currency In Active Circulation,24504.8
2012-01,M3,M2,M1,Demand Deposits,104344.6
2012-01,M3,M2,Quasi-money,Fixed Deposits,161695
2012-01,M3,M2,Quasi-money,S$ Negotiable Certificate Of Deposits,170
2012-01,M3,M2,Quasi-money,Savings & Other Deposits,154564.9
2012-02,M3,M2,M1,Currency In Active Circulation,24918.4
2012-02,M3,M2,M1,Demand Deposits,103306.6
2012-02,M3,M2,Quasi-money,Fixed Deposits,161738.9
2012-02,M3,M2,Quasi-money,S$ Negotiable Certificate Of Deposits,170
2012-02,M3,M2,Quasi-money,Savings & Other Deposits,154870.7
2012-03,M3,M2,M1,Currency In Active Circulation,25242.8
2012-03,M3,M2,M1,Demand Deposits,103563.1
2012-03,M3,M2,Quasi-money,Fixed Deposits,166993.2
2012-03,M3,M2,Quasi-money,S$ Negotiable Certificate Of Deposits,170
2012-03,M3,M2,Quasi-money,Savings & Other Deposits,155066.3
2012-04,M3,M2,M1,Currency In Active Circulation,25148.9
2012-04,M3,M2,M1,Demand Deposits,104572.8
2012-04,M3,M2,Quasi-money,Fixed Deposits,163267
2012-04,M3,M2,Quasi-money,S$ Negotiable Certificate Of Deposits,170
2012-04,M3,M2,Quasi-money,Savings & Other Deposits,153423.2
2012-05,M3,M2,M1,Currency In Active Circulation,25103.4
2012-05,M3,M2,M1,Demand Deposits,104935.3
2012-05,M3,M2,Quasi-money,Fixed Deposits,165566.7
2012-05,M3,M2,Quasi-money,S$ Negotiable Certificate Of Deposits,140
2012-05,M3,M2,Quasi-money,Savings & Other Deposits,153641.9
2012-06,M3,M2,M1,Currency In Active Circulation,25580.9
2012-06,M3,M2,M1,Demand Deposits,105515.3
2012-06,M3,M2,Quasi-money,Fixed Deposits,164771.7
2012-06,M3,M2,Quasi-money,S$ Negotiable Certificate Of Deposits,140
2012-06,M3,M2,Quasi-money,Savings & Other Deposits,155659.1
2012-07,M3,M2,M1,Currency In Active Circulation,25532.1
2012-07,M3,M2,M1,Demand Deposits,107374.4
2012-07,M3,M2,Quasi-money,Fixed Deposits,167016.5
2012-07,M3,M2,Quasi-money,S$ Negotiable Certificate Of Deposits,140
2012-07,M3,M2,Quasi-money,Savings & Other Deposits,156904.6
2012-08,M3,M2,M1,Currency In Active Circulation,25610.1
2012-08,M3,M2,M1,Demand Deposits,106747.5
2012-08,M3,M2,Quasi-money,Fixed Deposits,170949
2012-08,M3,M2,Quasi-money,S$ Negotiable Certificate Of Deposits,60
2012-08,M3,M2,Quasi-money,Savings & Other Deposits,159302.6
2012-09,M3,M2,M1,Currency In Active Circulation,26046.7
2012-09,M3,M2,M1,Demand Deposits,106960.5
2012-09,M3,M2,Quasi-money,Fixed Deposits,169081.3
2012-09,M3,M2,Quasi-money,S$ Negotiable Certificate Of Deposits,80
2012-09,M3,M2,Quasi-money,Savings & Other Deposits,160359.1
2012-10,M3,M2,M1,Currency In Active Circulation,26006
2012-10,M3,M2,M1,Demand Deposits,108839.7
2012-10,M3,M2,Quasi-money,Fixed Deposits,170747.6
2012-10,M3,M2,Quasi-money,S$ Negotiable Certificate Of Deposits,80
2012-10,M3,M2,Quasi-money,Savings & Other Deposits,159685.6
2012-11,M3,M2,M1,Currency In Active Circulation,26192.1
2012-11,M3,M2,M1,Demand Deposits,110633.6
2012-11,M3,M2,Quasi-money,Fixed Deposits,176147.5
2012-11,M3,M2,Quasi-money,S$ Negotiable Certificate Of Deposits,92
2012-11,M3,M2,Quasi-money,Savings & Other Deposits,158881.9
2012-12,M3,M2,M1,Currency In Active Circulation,26499.9
2012-12,M3,M2,M1,Demand Deposits,114440.5
2012-12,M3,M2,Quasi-money,Fixed Deposits,175270.8
2012-12,M3,M2,Quasi-money,S$ Negotiable Certificate Of Deposits,90.2
2012-12,M3,M2,Quasi-money,Savings & Other Deposits,160271.2
2013-01,M3,M2,M1,Currency In Active Circulation,26835.4
2013-01,M3,M2,M1,Demand Deposits,117115.2
2013-01,M3,M2,Quasi-money,Fixed Deposits,177159.4
2013-01,M3,M2,Quasi-money,S$ Negotiable Certificate Of Deposits,116.8
2013-01,M3,M2,Quasi-money,Savings & Other Deposits,162501.6
2013-02,M3,M2,M1,Currency In Active Circulation,26931.7
2013-02,M3,M2,M1,Demand Deposits,118743.1
2013-02,M3,M2,Quasi-money,Fixed Deposits,177102.8
2013-02,M3,M2,Quasi-money,S$ Negotiable Certificate Of Deposits,116.8
2013-02,M3,M2,Quasi-money,Savings & Other Deposits,164556.6
2013-03,M3,M2,M1,Currency In Active Circulation,27685.7
2013-03,M3,M2,M1,Demand Deposits,120664.6
2013-03,M3,M2,Quasi-money,Fixed Deposits,175720.7
2013-03,M3,M2,Quasi-money,S$ Negotiable Certificate Of Deposits,116.8
2013-03,M3,M2,Quasi-money,Savings & Other Deposits,165066.9
2013-04,M3,M2,M1,Currency In Active Circulation,27580.7
2013-04,M3,M2,M1,Demand Deposits,122201.8
2013-04,M3,M2,Quasi-money,Fixed Deposits,172841.7
2013-04,M3,M2,Quasi-money,S$ Negotiable Certificate Of Deposits,208.5
2013-04,M3,M2,Quasi-money,Savings & Other Deposits,166803.8
2013-05,M3,M2,M1,Currency In Active Circulation,27933.2
2013-05,M3,M2,M1,Demand Deposits,123858.7
2013-05,M3,M2,Quasi-money,Fixed Deposits,174296.8
2013-05,M3,M2,Quasi-money,S$ Negotiable Certificate Of Deposits,168.6
2013-05,M3,M2,Quasi-money,Savings & Other Deposits,167807.3
2013-06,M3,M2,M1,Currency In Active Circulation,28321.1
2013-06,M3,M2,M1,Demand Deposits,128795.5
2013-06,M3,M2,Quasi-money,Fixed Deposits,168728.6
2013-06,M3,M2,Quasi-money,S$ Negotiable Certificate Of Deposits,168.6
2013-06,M3,M2,Quasi-money,Savings & Other Deposits,167131.9
2013-07,M3,M2,M1,Currency In Active Circulation,28282.5
2013-07,M3,M2,M1,Demand Deposits,125715.8
2013-07,M3,M2,Quasi-money,Fixed Deposits,169352.7
2013-07,M3,M2,Quasi-money,S$ Negotiable Certificate Of Deposits,199.1
2013-07,M3,M2,Quasi-money,Savings & Other Deposits,167357.6
2013-08,M3,M2,M1,Currency In Active Circulation,28505
2013-08,M3,M2,M1,Demand Deposits,126327.4
2013-08,M3,M2,Quasi-money,Fixed Deposits,172928.8
2013-08,M3,M2,Quasi-money,S$ Negotiable Certificate Of Deposits,274.7
2013-08,M3,M2,Quasi-money,Savings & Other Deposits,167603.5
2013-09,M3,M2,M1,Currency In Active Circulation,28512.5
2013-09,M3,M2,M1,Demand Deposits,126656.5
2013-09,M3,M2,Quasi-money,Fixed Deposits,173072.8
2013-09,M3,M2,Quasi-money,S$ Negotiable Certificate Of Deposits,314.5
2013-09,M3,M2,Quasi-money,Savings & Other Deposits,169024.7
2013-10,M3,M2,M1,Currency In Active Circulation,28599.5
2013-10,M3,M2,M1,Demand Deposits,125717
2013-10,M3,M2,Quasi-money,Fixed Deposits,173434.9
2013-10,M3,M2,Quasi-money,S$ Negotiable Certificate Of Deposits,331
2013-10,M3,M2,Quasi-money,Savings & Other Deposits,170036.7
2013-11,M3,M2,M1,Currency In Active Circulation,28836.1
2013-11,M3,M2,M1,Demand Deposits,124127.5
2013-11,M3,M2,Quasi-money,Fixed Deposits,172928.5
2013-11,M3,M2,Quasi-money,S$ Negotiable Certificate Of Deposits,460.7
2013-11,M3,M2,Quasi-money,Savings & Other Deposits,169821.6
2013-12,M3,M2,M1,Currency In Active Circulation,28989.9
2013-12,M3,M2,M1,Demand Deposits,125636.4
2013-12,M3,M2,Quasi-money,Fixed Deposits,171989.3
2013-12,M3,M2,Quasi-money,S$ Negotiable Certificate Of Deposits,482.8
2013-12,M3,M2,Quasi-money,Savings & Other Deposits,169727.8
2014-01,M3,M2,M1,Currency In Active Circulation,29137.4
2014-01,M3,M2,M1,Demand Deposits,129297.5
2014-01,M3,M2,Quasi-money,Fixed Deposits,170091.1
2014-01,M3,M2,Quasi-money,S$ Negotiable Certificate Of Deposits,482.5
2014-01,M3,M2,Quasi-money,Savings & Other Deposits,170348.7
2014-02,M3,M2,M1,Currency In Active Circulation,29879.7
2014-02,M3,M2,M1,Demand Deposits,128079.4
2014-02,M3,M2,Quasi-money,Fixed Deposits,168693.7
2014-02,M3,M2,Quasi-money,S$ Negotiable Certificate Of Deposits,473.5
2014-02,M3,M2,Quasi-money,Savings & Other Deposits,171881.4
2014-03,M3,M2,M1,Currency In Active Circulation,29820.4
2014-03,M3,M2,M1,Demand Deposits,128575.3
2014-03,M3,M2,Quasi-money,Fixed Deposits,166531
2014-03,M3,M2,Quasi-money,S$ Negotiable Certificate Of Deposits,474.8
2014-03,M3,M2,Quasi-money,Savings & Other Deposits,172621.1
2014-04,M3,M2,M1,Currency In Active Circulation,29831.2
2014-04,M3,M2,M1,Demand Deposits,127391.3
2014-04,M3,M2,Quasi-money,Fixed Deposits,164504.5
2014-04,M3,M2,Quasi-money,S$ Negotiable Certificate Of Deposits,450.1
2014-04,M3,M2,Quasi-money,Savings & Other Deposits,173960
2014-05,M3,M2,M1,Currency In Active Circulation,30219.6
2014-05,M3,M2,M1,Demand Deposits,127192.4
2014-05,M3,M2,Quasi-money,Fixed Deposits,159657.2
2014-05,M3,M2,Quasi-money,S$ Negotiable Certificate Of Deposits,472.7
2014-05,M3,M2,Quasi-money,Savings & Other Deposits,175368.5
2014-06,M3,M2,M1,Currency In Active Circulation,30430.5
2014-06,M3,M2,M1,Demand Deposits,125549.3
2014-06,M3,M2,Quasi-money,Fixed Deposits,162964
2014-06,M3,M2,Quasi-money,S$ Negotiable Certificate Of Deposits,472.8
2014-06,M3,M2,Quasi-money,Savings & Other Deposits,176595.7
2014-07,M3,M2,M1,Currency In Active Circulation,30681.4
2014-07,M3,M2,M1,Demand Deposits,126592.9
2014-07,M3,M2,Quasi-money,Fixed Deposits,163656.5
2014-07,M3,M2,Quasi-money,S$ Negotiable Certificate Of Deposits,466.6
2014-07,M3,M2,Quasi-money,Savings & Other Deposits,177465.7
2014-08,M3,M2,M1,Currency In Active Circulation,30969.7
2014-08,M3,M2,M1,Demand Deposits,126721.2
2014-08,M3,M2,Quasi-money,Fixed Deposits,167051.7
2014-08,M3,M2,Quasi-money,S$ Negotiable Certificate Of Deposits,439.1
2014-08,M3,M2,Quasi-money,Savings & Other Deposits,178223.9
2014-09,M3,M2,M1,Currency In Active Circulation,31091.7
2014-09,M3,M2,M1,Demand Deposits,126495.2
2014-09,M3,M2,Quasi-money,Fixed Deposits,171436.2
2014-09,M3,M2,Quasi-money,S$ Negotiable Certificate Of Deposits,512.4
2014-09,M3,M2,Quasi-money,Savings & Other Deposits,177422.6
2014-10,M3,M2,M1,Currency In Active Circulation,31307.4
2014-10,M3,M2,M1,Demand Deposits,128917.9
2014-10,M3,M2,Quasi-money,Fixed Deposits,169341.1
2014-10,M3,M2,Quasi-money,S$ Negotiable Certificate Of Deposits,482.5
2014-10,M3,M2,Quasi-money,Savings & Other Deposits,177669.2
2014-11,M3,M2,M1,Currency In Active Circulation,31537.9
2014-11,M3,M2,M1,Demand Deposits,128326.6
2014-11,M3,M2,Quasi-money,Fixed Deposits,168751.7
2014-11,M3,M2,Quasi-money,S$ Negotiable Certificate Of Deposits,422.8
2014-11,M3,M2,Quasi-money,Savings & Other Deposits,179272.4
2014-12,M3,M2,M1,Currency In Active Circulation,31629.3
2014-12,M3,M2,M1,Demand Deposits,128561.7
2014-12,M3,M2,Quasi-money,Fixed Deposits,172712
2014-12,M3,M2,Quasi-money,S$ Negotiable Certificate Of Deposits,390.8
2014-12,M3,M2,Quasi-money,Savings & Other Deposits,179766.4
2015-01,M3,M2,M1,Currency In Active Circulation,31996.5
2015-01,M3,M2,M1,Demand Deposits,128426.6
2015-01,M3,M2,Quasi-money,Fixed Deposits,174277.2
2015-01,M3,M2,Quasi-money,S$ Negotiable Certificate Of Deposits,388.3
2015-01,M3,M2,Quasi-money,Savings & Other Deposits,179959.5
2015-02,M3,M2,M1,Currency In Active Circulation,32355.8
2015-02,M3,M2,M1,Demand Deposits,129103.2
2015-02,M3,M2,Quasi-money,Fixed Deposits,171576.2
2015-02,M3,M2,Quasi-money,S$ Negotiable Certificate Of Deposits,383.1
2015-02,M3,M2,Quasi-money,Savings & Other Deposits,181323.7
2015-03,M3,M2,M1,Currency In Active Circulation,32476.8
2015-03,M3,M2,M1,Demand Deposits,128956.6
2015-03,M3,M2,Quasi-money,Fixed Deposits,173238.6
2015-03,M3,M2,Quasi-money,S$ Negotiable Certificate Of Deposits,494.9
2015-03,M3,M2,Quasi-money,Savings & Other Deposits,182764.1
2015-04,M3,M2,M1,Currency In Active Circulation,32737.9
2015-04,M3,M2,M1,Demand Deposits,126637.4
2015-04,M3,M2,Quasi-money,Fixed Deposits,176062.2
2015-04,M3,M2,Quasi-money,S$ Negotiable Certificate Of Deposits,594.7
2015-04,M3,M2,Quasi-money,Savings & Other Deposits,183114.6
2015-05,M3,M2,M1,Currency In Active Circulation,32969.5
2015-05,M3,M2,M1,Demand Deposits,125844.4
2015-05,M3,M2,Quasi-money,Fixed Deposits,174545.8
2015-05,M3,M2,Quasi-money,S$ Negotiable Certificate Of Deposits,722.2
2015-05,M3,M2,Quasi-money,Savings & Other Deposits,183621.3
2015-06,M3,M2,M1,Currency In Active Circulation,32936.3
2015-06,M3,M2,M1,Demand Deposits,126774.2
2015-06,M3,M2,Quasi-money,Fixed Deposits,168301.6
2015-06,M3,M2,Quasi-money,S$ Negotiable Certificate Of Deposits,722.3
2015-06,M3,M2,Quasi-money,Savings & Other Deposits,185109.7
2015-07,M3,M2,M1,Currency In Active Circulation,32835.7
2015-07,M3,M2,M1,Demand Deposits,127468.9
2015-07,M3,M2,Quasi-money,Fixed Deposits,165745.6
2015-07,M3,M2,Quasi-money,S$ Negotiable Certificate Of Deposits,717.2
2015-07,M3,M2,Quasi-money,Savings & Other Deposits,185124.6
2015-08,M3,M2,M1,Currency In Active Circulation,33539.6
2015-08,M3,M2,M1,Demand Deposits,127935.3
2015-08,M3,M2,Quasi-money,Fixed Deposits,165078.4
2015-08,M3,M2,Quasi-money,S$ Negotiable Certificate Of Deposits,735.3
2015-08,M3,M2,Quasi-money,Savings & Other Deposits,185350.2
2015-09,M3,M2,M1,Currency In Active Circulation,33673.7
2015-09,M3,M2,M1,Demand Deposits,125903.2
2015-09,M3,M2,Quasi-money,Fixed Deposits,177387.9
2015-09,M3,M2,Quasi-money,S$ Negotiable Certificate Of Deposits,657.9
2015-09,M3,M2,Quasi-money,Savings & Other Deposits,185737.4
2015-10,M3,M2,M1,Currency In Active Circulation,33674.9
2015-10,M3,M2,M1,Demand Deposits,124382.5
2015-10,M3,M2,Quasi-money,Fixed Deposits,179312.1
2015-10,M3,M2,Quasi-money,S$ Negotiable Certificate Of Deposits,681.9
2015-10,M3,M2,Quasi-money,Savings & Other Deposits,184241
2015-11,M3,M2,M1,Currency In Active Circulation,33898.4
2015-11,M3,M2,M1,Demand Deposits,125277.3
2015-11,M3,M2,Quasi-money,Fixed Deposits,178657.6
2015-11,M3,M2,Quasi-money,S$ Negotiable Certificate Of Deposits,627
2015-11,M3,M2,Quasi-money,Savings & Other Deposits,184316.6
2015-12,M3,M2,M1,Currency In Active Circulation,34149.9
2015-12,M3,M2,M1,Demand Deposits,126269.7
2015-12,M3,M2,Quasi-money,Fixed Deposits,174465.4
2015-12,M3,M2,Quasi-money,S$ Negotiable Certificate Of Deposits,722
2015-12,M3,M2,Quasi-money,Savings & Other Deposits,184935.7
2016-01,M3,M2,M1,Currency In Active Circulation,34133.2
2016-01,M3,M2,M1,Demand Deposits,124527.4
2016-01,M3,M2,Quasi-money,Fixed Deposits,176136.3
2016-01,M3,M2,Quasi-money,S$ Negotiable Certificate Of Deposits,719.9
2016-01,M3,M2,Quasi-money,Savings & Other Deposits,184304.6
2016-02,M3,M2,M1,Currency In Active Circulation,34498.1
2016-02,M3,M2,M1,Demand Deposits,124066.2
2016-02,M3,M2,Quasi-money,Fixed Deposits,178737.9
2016-02,M3,M2,Quasi-money,S$ Negotiable Certificate Of Deposits,719.9
2016-02,M3,M2,Quasi-money,Savings & Other Deposits,182592.8
2016-03,M3,M2,M1,Currency In Active Circulation,34603.4
2016-03,M3,M2,M1,Demand Deposits,124462.2
2016-03,M3,M2,Quasi-money,Fixed Deposits,186098.4
2016-03,M3,M2,Quasi-money,S$ Negotiable Certificate Of Deposits,591.7
2016-03,M3,M2,Quasi-money,Savings & Other Deposits,184009.1
2016-04,M3,M2,M1,Currency In Active Circulation,35016
2016-04,M3,M2,M1,Demand Deposits,125687.5
2016-04,M3,M2,Quasi-money,Fixed Deposits,187882.5
2016-04,M3,M2,Quasi-money,S$ Negotiable Certificate Of Deposits,564.3
2016-04,M3,M2,Quasi-money,Savings & Other Deposits,184407.3
2016-05,M3,M2,M1,Currency In Active Circulation,34991.2
2016-05,M3,M2,M1,Demand Deposits,128069.1
2016-05,M3,M2,Quasi-money,Fixed Deposits,185613
2016-05,M3,M2,Quasi-money,S$ Negotiable Certificate Of Deposits,558.9
2016-05,M3,M2,Quasi-money,Savings & Other Deposits,184945.7
2016-06,M3,M2,M1,Currency In Active Circulation,35020.6
2016-06,M3,M2,M1,Demand Deposits,127034.4
2016-06,M3,M2,Quasi-money,Fixed Deposits,187582.9
2016-06,M3,M2,Quasi-money,S$ Negotiable Certificate Of Deposits,488.9
2016-06,M3,M2,Quasi-money,Savings & Other Deposits,185573.4
2016-07,M3,M2,M1,Currency In Active Circulation,35673
2016-07,M3,M2,M1,Demand Deposits,127102.2
2016-07,M3,M2,Quasi-money,Fixed Deposits,189158.3
2016-07,M3,M2,Quasi-money,S$ Negotiable Certificate Of Deposits,469
2016-07,M3,M2,Quasi-money,Savings & Other Deposits,188225.5
2016-08,M3,M2,M1,Currency In Active Circulation,36066.6
2016-08,M3,M2,M1,Demand Deposits,127925.7
2016-08,M3,M2,Quasi-money,Fixed Deposits,191436.2
2016-08,M3,M2,Quasi-money,S$ Negotiable Certificate Of Deposits,463.6
2016-08,M3,M2,Quasi-money,Savings & Other Deposits,189556.8
2016-09,M3,M2,M1,Currency In Active Circulation,36618.8
2016-09,M3,M2,M1,Demand Deposits,130907.7
2016-09,M3,M2,Quasi-money,Fixed Deposits,190820.4
2016-09,M3,M2,Quasi-money,S$ Negotiable Certificate Of Deposits,448.6
2016-09,M3,M2,Quasi-money,Savings & Other Deposits,191660
2016-10,M3,M2,M1,Currency In Active Circulation,37490.8
2016-10,M3,M2,M1,Demand Deposits,131940.4
2016-10,M3,M2,Quasi-money,Fixed Deposits,192767.3
2016-10,M3,M2,Quasi-money,S$ Negotiable Certificate Of Deposits,377.6
2016-10,M3,M2,Quasi-money,Savings & Other Deposits,194995.4
2016-11,M3,M2,M1,Currency In Active Circulation,37777.1
2016-11,M3,M2,M1,Demand Deposits,133156.1
2016-11,M3,M2,Quasi-money,Fixed Deposits,192024.1
2016-11,M3,M2,Quasi-money,S$ Negotiable Certificate Of Deposits,327.1
2016-11,M3,M2,Quasi-money,Savings & Other Deposits,197634.6
2016-12,M3,M2,M1,Currency In Active Circulation,38620.4
2016-12,M3,M2,M1,Demand Deposits,134248.6
2016-12,M3,M2,Quasi-money,Fixed Deposits,189277.6
2016-12,M3,M2,Quasi-money,S$ Negotiable Certificate Of Deposits,327.1
2016-12,M3,M2,Quasi-money,Savings & Other Deposits,199725.2
2017-01,M3,M2,M1,Currency In Active Circulation,38650.3
2017-01,M3,M2,M1,Demand Deposits,133667.7
2017-01,M3,M2,Quasi-money,Fixed Deposits,189499.7
2017-01,M3,M2,Quasi-money,S$ Negotiable Certificate Of Deposits,339.1
2017-01,M3,M2,Quasi-money,Savings & Other Deposits,200723.7
2017-02,M3,M2,M1,Currency In Active Circulation,38661.8
2017-02,M3,M2,M1,Demand Deposits,134207.4
2017-02,M3,M2,Quasi-money,Fixed Deposits,188099
2017-02,M3,M2,Quasi-money,S$ Negotiable Certificate Of Deposits,332.1
2017-02,M3,M2,Quasi-money,Savings & Other Deposits,202505.1
2017-03,M3,M2,M1,Currency In Active Circulation,39020.3
2017-03,M3,M2,M1,Demand Deposits,134448.5
2017-03,M3,M2,Quasi-money,Fixed Deposits,192524.3
2017-03,M3,M2,Quasi-money,S$ Negotiable Certificate Of Deposits,310.9
2017-03,M3,M2,Quasi-money,Savings & Other Deposits,203405.2
2017-04,M3,M2,M1,Currency In Active Circulation,39337.6
2017-04,M3,M2,M1,Demand Deposits,135653.5
2017-04,M3,M2,Quasi-money,Fixed Deposits,191583.3
2017-04,M3,M2,Quasi-money,S$ Negotiable Certificate Of Deposits,361.3
2017-04,M3,M2,Quasi-money,Savings & Other Deposits,203593.5
2017-05,M3,M2,M1,Currency In Active Circulation,39828
2017-05,M3,M2,M1,Demand Deposits,136621.3
2017-05,M3,M2,Quasi-money,Fixed Deposits,191086.8
2017-05,M3,M2,Quasi-money,S$ Negotiable Certificate Of Deposits,332.6
2017-05,M3,M2,Quasi-money,Savings & Other Deposits,204900.8
2017-06,M3,M2,M1,Currency In Active Circulation,40337.7
2017-06,M3,M2,M1,Demand Deposits,143662.5
2017-06,M3,M2,Quasi-money,Fixed Deposits,189422.9
2017-06,M3,M2,Quasi-money,S$ Negotiable Certificate Of Deposits,335.7
2017-06,M3,M2,Quasi-money,Savings & Other Deposits,200803.5
2017-07,M3,M2,M1,Currency In Active Circulation,40813.5
2017-07,M3,M2,M1,Demand Deposits,144619.9
2017-07,M3,M2,Quasi-money,Fixed Deposits,190127.2
2017-07,M3,M2,Quasi-money,S$ Negotiable Certificate Of Deposits,309.6
2017-07,M3,M2,Quasi-money,Savings & Other Deposits,201386.3
2017-08,M3,M2,M1,Currency In Active Circulation,41105.9
2017-08,M3,M2,M1,Demand Deposits,143849.7
2017-08,M3,M2,Quasi-money,Fixed Deposits,190378.6
2017-08,M3,M2,Quasi-money,S$ Negotiable Certificate Of Deposits,294.7
2017-08,M3,M2,Quasi-money,Savings & Other Deposits,202755.3
2017-09,M3,M2,M1,Currency In Active Circulation,41469.1
2017-09,M3,M2,M1,Demand Deposits,146379.9
2017-09,M3,M2,Quasi-money,Fixed Deposits,189188.7
2017-09,M3,M2,Quasi-money,S$ Negotiable Certificate Of Deposits,294.7
2017-09,M3,M2,Quasi-money,Savings & Other Deposits,203428.7
2017-10,M3,M2,M1,Currency In Active Circulation,41868.7
2017-10,M3,M2,M1,Demand Deposits,147168.7
2017-10,M3,M2,Quasi-money,Fixed Deposits,189318.6
2017-10,M3,M2,Quasi-money,S$ Negotiable Certificate Of Deposits,294.7
2017-10,M3,M2,Quasi-money,Savings & Other Deposits,204372.5
2017-11,M3,M2,M1,Currency In Active Circulation,42172
2017-11,M3,M2,M1,Demand Deposits,146127.3
2017-11,M3,M2,Quasi-money,Fixed Deposits,186016.3
2017-11,M3,M2,Quasi-money,S$ Negotiable Certificate Of Deposits,265.7
2017-11,M3,M2,Quasi-money,Savings & Other Deposits,204496.6
2017-12,M3,M2,M1,Currency In Active Circulation,42436.9
2017-12,M3,M2,M1,Demand Deposits,146362.9
2017-12,M3,M2,Quasi-money,Fixed Deposits,186964.2
2017-12,M3,M2,Quasi-money,S$ Negotiable Certificate Of Deposits,250.7
2017-12,M3,M2,Quasi-money,Savings & Other Deposits,204286
2018-01,M3,M2,M1,Currency In Active Circulation,42831
2018-01,M3,M2,M1,Demand Deposits,148183.5
2018-01,M3,M2,Quasi-money,Fixed Deposits,188272.1
2018-01,M3,M2,Quasi-money,S$ Negotiable Certificate Of Deposits,254.7
2018-01,M3,M2,Quasi-money,Savings & Other Deposits,204808.8
2018-02,M3,M2,M1,Currency In Active Circulation,42169
2018-02,M3,M2,M1,Demand Deposits,148483.1
2018-02,M3,M2,Quasi-money,Fixed Deposits,187921.9
2018-02,M3,M2,Quasi-money,S$ Negotiable Certificate Of Deposits,262.8
2018-02,M3,M2,Quasi-money,Savings & Other Deposits,203951
2018-03,M3,M2,M1,Currency In Active Circulation,43295.1
2018-03,M3,M2,M1,Demand Deposits,149107.2
2018-03,M3,M2,Quasi-money,Fixed Deposits,188367.7
2018-03,M3,M2,Quasi-money,S$ Negotiable Certificate Of Deposits,219.8
2018-03,M3,M2,Quasi-money,Savings & Other Deposits,203989.4
2018-04,M3,M2,M1,Currency In Active Circulation,43760.5
2018-04,M3,M2,M1,Demand Deposits,151331.3
2018-04,M3,M2,Quasi-money,Fixed Deposits,188258.3
2018-04,M3,M2,Quasi-money,S$ Negotiable Certificate Of Deposits,198.8
2018-04,M3,M2,Quasi-money,Savings & Other Deposits,205045.9
2018-05,M3,M2,M1,Currency In Active Circulation,44166.9
2018-05,M3,M2,M1,Demand Deposits,148577.4
2018-05,M3,M2,Quasi-money,Fixed Deposits,190329.8
2018-05,M3,M2,Quasi-money,S$ Negotiable Certificate Of Deposits,129.7
2018-05,M3,M2,Quasi-money,Savings & Other Deposits,205623.1
2018-06,M3,M2,M1,Currency In Active Circulation,44405.2
2018-06,M3,M2,M1,Demand Deposits,146836.2
2018-06,M3,M2,Quasi-money,Fixed Deposits,191420.4
2018-06,M3,M2,Quasi-money,S$ Negotiable Certificate Of Deposits,129.7
2018-06,M3,M2,Quasi-money,Savings & Other Deposits,206351.5
2018-07,M3,M2,M1,Currency In Active Circulation,44592.1
2018-07,M3,M2,M1,Demand Deposits,146655.7
2018-07,M3,M2,Quasi-money,Fixed Deposits,195391
2018-07,M3,M2,Quasi-money,S$ Negotiable Certificate Of Deposits,155.6
2018-07,M3,M2,Quasi-money,Savings & Other Deposits,205571.4
2018-08,M3,M2,M1,Currency In Active Circulation,44602.4
2018-08,M3,M2,M1,Demand Deposits,146007.8
2018-08,M3,M2,Quasi-money,Fixed Deposits,203727.7
2018-08,M3,M2,Quasi-money,S$ Negotiable Certificate Of Deposits,142.6
2018-08,M3,M2,Quasi-money,Savings & Other Deposits,204628.3
2018-09,M3,M2,M1,Currency In Active Circulation,44846.8
2018-09,M3,M2,M1,Demand Deposits,144440.9
2018-09,M3,M2,Quasi-money,Fixed Deposits,206314.4
2018-09,M3,M2,Quasi-money,S$ Negotiable Certificate Of Deposits,142.6
2018-09,M3,M2,Quasi-money,Savings & Other Deposits,204765.6
2018-10,M3,M2,M1,Currency In Active Circulation,45076.4
2018-10,M3,M2,M1,Demand Deposits,143789.7
2018-10,M3,M2,Quasi-money,Fixed Deposits,206527.5
2018-10,M3,M2,Quasi-money,S$ Negotiable Certificate Of Deposits,111.1
2018-10,M3,M2,Quasi-money,Savings & Other Deposits,204844
2018-11,M3,M2,M1,Currency In Active Circulation,45170.3
2018-11,M3,M2,M1,Demand Deposits,143315.9
2018-11,M3,M2,Quasi-money,Fixed Deposits,205827.5
2018-11,M3,M2,Quasi-money,S$ Negotiable Certificate Of Deposits,121.2
2018-11,M3,M2,Quasi-money,Savings & Other Deposits,204765.7
2018-12,M3,M2,M1,Currency In Active Circulation,45404.3
2018-12,M3,M2,M1,Demand Deposits,143970.4
2018-12,M3,M2,Quasi-money,Fixed Deposits,208787.2
2018-12,M3,M2,Quasi-money,S$ Negotiable Certificate Of Deposits,130.2
2018-12,M3,M2,Quasi-money,Savings & Other Deposits,204715
2019-01,M3,M2,M1,Currency In Active Circulation,45121.2
2019-01,M3,M2,M1,Demand Deposits,143350.8
2019-01,M3,M2,Quasi-money,Fixed Deposits,212163.9
2019-01,M3,M2,Quasi-money,S$ Negotiable Certificate Of Deposits,84.9
2019-01,M3,M2,Quasi-money,Savings & Other Deposits,204760.7
2019-02,M3,M2,M1,Currency In Active Circulation,46150
2019-02,M3,M2,M1,Demand Deposits,144551.8
2019-02,M3,M2,Quasi-money,Fixed Deposits,213077.8
2019-02,M3,M2,Quasi-money,S$ Negotiable Certificate Of Deposits,91.9
2019-02,M3,M2,Quasi-money,Savings & Other Deposits,204579.8
2019-03,M3,M2,M1,Currency In Active Circulation,46726.9
2019-03,M3,M2,M1,Demand Deposits,145127
2019-03,M3,M2,Quasi-money,Fixed Deposits,217626.2
2019-03,M3,M2,Quasi-money,S$ Negotiable Certificate Of Deposits,91.9
2019-03,M3,M2,Quasi-money,Savings & Other Deposits,204517.6
2019-04,M3,M2,M1,Currency In Active Circulation,46564.7
2019-04,M3,M2,M1,Demand Deposits,146475.2
2019-04,M3,M2,Quasi-money,Fixed Deposits,221255
2019-04,M3,M2,Quasi-money,S$ Negotiable Certificate Of Deposits,72
2019-04,M3,M2,Quasi-money,Savings & Other Deposits,204626.2
2019-05,M3,M2,M1,Currency In Active Circulation,46791.2
2019-05,M3,M2,M1,Demand Deposits,145716.1
2019-05,M3,M2,Quasi-money,Fixed Deposits,223023.3
2019-05,M3,M2,Quasi-money,S$ Negotiable Certificate Of Deposits,59
2019-05,M3,M2,Quasi-money,Savings & Other Deposits,205399.5
2019-06,M3,M2,M1,Currency In Active Circulation,47131.4
2019-06,M3,M2,M1,Demand Deposits,146378.9
2019-06,M3,M2,Quasi-money,Fixed Deposits,220432.6
2019-06,M3,M2,Quasi-money,S$ Negotiable Certificate Of Deposits,50
2019-06,M3,M2,Quasi-money,Savings & Other Deposits,206790.3
2019-07,M3,M2,M1,Currency In Active Circulation,47392.4
2019-07,M3,M2,M1,Demand Deposits,143327.7
2019-07,M3,M2,Quasi-money,Fixed Deposits,222765.3
2019-07,M3,M2,Quasi-money,S$ Negotiable Certificate Of Deposits,50
2019-07,M3,M2,Quasi-money,Savings & Other Deposits,207743.4
2019-08,M3,M2,M1,Currency In Active Circulation,47882.6
2019-08,M3,M2,M1,Demand Deposits,145815.4
2019-08,M3,M2,Quasi-money,Fixed Deposits,223416.8
2019-08,M3,M2,Quasi-money,S$ Negotiable Certificate Of Deposits,39.3
2019-08,M3,M2,Quasi-money,Savings & Other Deposits,208175.6
2019-09,M3,M2,M1,Currency In Active Circulation,48212.4
2019-09,M3,M2,M1,Demand Deposits,144486.6
2019-09,M3,M2,Quasi-money,Fixed Deposits,227956.4
2019-09,M3,M2,Quasi-money,S$ Negotiable Certificate Of Deposits,39.3
2019-09,M3,M2,Quasi-money,Savings & Other Deposits,208754.1
2019-10,M3,M2,M1,Currency In Active Circulation,48383.1
2019-10,M3,M2,M1,Demand Deposits,144034.5
2019-10,M3,M2,Quasi-money,Fixed Deposits,227212.6
2019-10,M3,M2,Quasi-money,S$ Negotiable Certificate Of Deposits,39.4
2019-10,M3,M2,Quasi-money,Savings & Other Deposits,209328.1
2019-11,M3,M2,M1,Currency In Active Circulation,48846.6
2019-11,M3,M2,M1,Demand Deposits,147954.1
2019-11,M3,M2,Quasi-money,Fixed Deposits,227888.1
2019-11,M3,M2,Quasi-money,S$ Negotiable Certificate Of Deposits,39.5
2019-11,M3,M2,Quasi-money,Savings & Other Deposits,209884.9
2019-12,M3,M2,M1,Currency In Active Circulation,49076.2
2019-12,M3,M2,M1,Demand Deposits,147376.3
2019-12,M3,M2,Quasi-money,Fixed Deposits,225989.2
2019-12,M3,M2,Quasi-money,S$ Negotiable Certificate Of Deposits,39.5
2019-12,M3,M2,Quasi-money,Savings & Other Deposits,210592
2020-01,M3,M2,M1,Currency In Active Circulation,48796.6
2020-01,M3,M2,M1,Demand Deposits,149582.7
2020-01,M3,M2,Quasi-money,Fixed Deposits,230068.1
2020-01,M3,M2,Quasi-money,S$ Negotiable Certificate Of Deposits,49.6
2020-01,M3,M2,Quasi-money,Savings & Other Deposits,212016.4
2020-02,M3,M2,M1,Currency In Active Circulation,50243.1
2020-02,M3,M2,M1,Demand Deposits,153591.2
2020-02,M3,M2,Quasi-money,Fixed Deposits,229132.7
2020-02,M3,M2,Quasi-money,S$ Negotiable Certificate Of Deposits,63.7
2020-02,M3,M2,Quasi-money,Savings & Other Deposits,213860.7
2020-03,M3,M2,M1,Currency In Active Circulation,50708.9
2020-03,M3,M2,M1,Demand Deposits,161991.7
2020-03,M3,M2,Quasi-money,Fixed Deposits,226150.4
2020-03,M3,M2,Quasi-money,S$ Negotiable Certificate Of Deposits,63.7
2020-03,M3,M2,Quasi-money,Savings & Other Deposits,216751.5
